Duracion,Longitud,Latitud,Elevacion,PC
0,16.347473,46.573392,165.8,107
1,16.347382,46.573403,165.8,107
7,16.346874,46.573505,165.8,110
9,16.346712,46.57355,165.8,112
11,16.346537,46.573574,165.8,113
14,16.346269,46.573579,166.2,116
22,16.345609,46.573574,166.2,117
25,16.345386,46.573597,166.2,117
26,16.345321,46.573566,166.2,117
30,16.345042,46.573411,166.2,118
34,16.344672,46.573272,166.2,121
36,16.344486,46.573214,166.2,124
38,16.344323,46.573129,166.2,126
41,16.344121,46.572956,166.2,129
49,16.343543,46.572537,166.2,130
56,16.342941,46.572288,166.2,131
61,16.342593,46.572023,166.2,132
65,16.342309,46.571813,166.2,134
66,16.342217,46.57178,166.2,135
70,16.341817,46.57172,166.2,137
73,16.341513,46.571765,166.2,137
74,16.341416,46.571784,166.2,137
77,16.341123,46.571856,166.2,137
80,16.340842,46.571932,166.2,138
88,16.340084,46.57214,166.2,136
96,16.339263,46.572242,166.2,135
101,16.338722,46.572248,166.2,135
106,16.338163,46.572255,166.2,136
107,16.338056,46.572239,166.2,136
111,16.337682,46.572108,166.2,137
118,16.337041,46.571868,166.2,136
119,16.33696,46.571826,166.2,136
121,16.336834,46.571715,166.2,136
124,16.336724,46.571515,166.2,135
125,16.336696,46.571446,166.2,135
128,16.336582,46.571244,166.2,135
131,16.336413,46.571062,166.2,134
133,16.336271,46.570949,166.2,134
136,16.336026,46.570788,166.2,135
142,16.33562,46.570445,166.2,136
150,16.335045,46.569996,166.2,136
151,16.334969,46.569946,166.2,136
157,16.334486,46.56966,166.2,136
164,16.333893,46.569346,166.2,137
172,16.333227,46.568985,166.2,137
175,16.332944,46.568881,166.2,137
178,16.33262,46.568891,166.2,137
179,16.332515,46.568911,166.2,138
184,16.331983,46.569017,166.2,138
186,16.331766,46.569033,166.2,139
188,16.33157,46.568983,166.2,139
190,16.331477,46.568867,166.2,139
192,16.331442,46.568735,166.2,138
193,16.331392,46.568686,166.2,137
194,16.331328,46.568656,166.2,137
197,16.331101,46.568648,166.2,134
199,16.330925,46.568699,166.2,133
200,16.330826,46.568725,166.2,133
206,16.330189,46.568882,166.2,136
211,16.329671,46.568993,166.2,139
218,16.32895,46.569148,166.2,139
226,16.328123,46.56933,166.2,140
230,16.327736,46.569422,166.2,140
238,16.326921,46.569594,166.2,140
239,16.326818,46.569614,166.2,140
247,16.326019,46.569783,166.2,140
254,16.32529,46.569934,166.2,140
262,16.324492,46.570105,166.2,141
263,16.324383,46.57013,166.2,141
271,16.323554,46.570307,166.2,142
273,16.323355,46.570354,166.2,141
281,16.322535,46.570532,166.2,142
289,16.321722,46.570698,166.2,140
291,16.321521,46.570744,166.2,139
299,16.320695,46.570923,166.2,139
304,16.320169,46.571031,166.6,139
305,16.320065,46.571053,167.0,139
306,16.31996,46.571075,167.4,139
307,16.319858,46.571097,167.8,140
308,16.319753,46.57112,168.2,139
316,16.31892,46.571298,168.2,139
317,16.318816,46.571317,168.2,139
325,16.317993,46.571476,168.2,138
326,16.31789,46.571495,168.2,139
334,16.317074,46.571623,168.2,138
337,16.31678,46.571672,168.2,138
345,16.315977,46.571827,167.8,139
346,16.315876,46.571851,167.4,139
347,16.315777,46.571875,167.0,139
348,16.315672,46.571902,166.6,140
349,16.315574,46.571923,166.2,141
351,16.315372,46.571949,166.2,142
359,16.31457,46.571978,166.2,143
366,16.313861,46.571951,166.2,144
374,16.313055,46.572003,166.2,146
380,16.312483,46.572117,166.6,145
381,16.312387,46.572137,167.0,145
382,16.312292,46.572156,167.4,145
383,16.312198,46.572173,167.8,145
384,16.312101,46.572188,168.2,145
388,16.311706,46.572235,168.2,145
390,16.311506,46.572222,168.2,145
397,16.310819,46.572141,168.2,144
398,16.31073,46.572116,168.2,144
400,16.310567,46.572041,168.2,144
403,16.310386,46.571878,168.2,144
404,16.310345,46.571819,168.2,143
408,16.310096,46.571597,168.2,142
409,16.310004,46.571564,168.2,142
412,16.309714,46.57156,168.2,140
415,16.309434,46.571624,168.2,139
418,16.309159,46.571685,168.2,140
422,16.308762,46.571753,168.2,140
424,16.308556,46.571765,168.2,139
430,16.307948,46.571842,168.2,139
431,16.307852,46.571872,168.2,139
432,16.307763,46.571908,168.6,139
433,16.30768,46.571951,169.2,139
434,16.307599,46.57199,169.6,138
435,16.307507,46.572039,170.0,138
436,16.307424,46.572087,170.6,138
438,16.307245,46.572163,170.6,138
440,16.307053,46.572208,170.6,138
446,16.306452,46.572248,170.6,138
449,16.306163,46.572253,170.6,137
451,16.305985,46.572214,170.6,136
454,16.305779,46.572089,170.6,135
458,16.305579,46.571852,170.6,136
459,16.305535,46.571779,170.6,136
463,16.305352,46.571508,170.6,139
464,16.305296,46.57145,170.6,139
467,16.30506,46.571342,170.6,139
469,16.304859,46.571394,170.6,139
471,16.304678,46.571486,170.6,139
473,16.304503,46.571555,170.6,139
474,16.304411,46.571578,170.6,140
477,16.304104,46.571586,170.6,141
479,16.303893,46.57157,170.6,141
484,16.30337,46.571576,170.6,141
489,16.302866,46.571637,170.6,141
490,16.302761,46.571624,170.6,142
493,16.302472,46.571545,170.6,142
494,16.302385,46.571512,170.6,142
502,16.301651,46.571238,170.6,142
506,16.301279,46.571111,170.6,142
514,16.300531,46.570854,170.6,140
517,16.300242,46.570761,170.6,139
523,16.299697,46.570561,170.6,138
525,16.299569,46.570462,170.6,138
528,16.299382,46.570301,170.6,138
530,16.299205,46.570217,170.6,138
534,16.298864,46.570048,170.6,138
536,16.298767,46.569933,170.6,137
539,16.298697,46.569723,170.6,137
541,16.298623,46.569599,170.6,137
544,16.298386,46.569486,170.6,136
547,16.298086,46.569433,170.6,136
549,16.297894,46.569396,170.6,136
556,16.297201,46.569247,170.6,136
562,16.296602,46.569197,170.6,135
568,16.296002,46.569197,170.6,135
572,16.295604,46.569108,170.6,138
580,16.294878,46.568855,170.6,139
582,16.294732,46.568772,170.6,139
584,16.294627,46.568676,170.6,138
585,16.294551,46.568651,170.6,137
586,16.294472,46.568652,171.0,136
587,16.294407,46.568676,171.4,134
588,16.294344,46.56871,172.0,134
589,16.294281,46.568757,172.4,133
590,16.294222,46.568803,172.8,133
592,16.29407,46.568889,172.4,133
593,16.293978,46.568927,172.0,133
594,16.293884,46.568959,171.6,134
595,16.293783,46.568992,171.2,134
596,16.293687,46.56902,170.6,134
597,16.293579,46.569033,170.6,135
599,16.293358,46.569083,170.6,136
600,16.293251,46.569115,170.6,137
604,16.292826,46.569261,170.6,140
607,16.292516,46.5694,170.6,143
610,16.292236,46.569568,170.6,145
617,16.291583,46.569947,170.6,147
620,16.291317,46.570102,170.6,148
627,16.290701,46.57048,170.6,150
628,16.290613,46.570531,170.6,150
635,16.289962,46.570853,170.6,151
638,16.289659,46.57097,170.6,151
645,16.288966,46.57126,170.6,151
647,16.288775,46.571351,170.6,151
654,16.288132,46.571699,170.6,149
655,16.288046,46.571753,170.6,149
658,16.287804,46.571924,170.6,148
660,16.287651,46.572014,170.6,148
662,16.287458,46.572001,170.6,147
663,16.287382,46.571962,171.0,146
664,16.287329,46.571907,171.4,146
665,16.287276,46.571844,172.0,146
666,16.287224,46.571772,172.4,146
667,16.287173,46.571701,172.8,146
670,16.287006,46.571471,172.8,146
676,16.286696,46.571012,172.8,149
677,16.286645,46.570938,172.8,149
684,16.286277,46.57041,172.8,151
687,16.286127,46.570192,172.8,151
694,16.285781,46.569684,172.8,152
698,16.285585,46.569404,172.8,152
706,16.285188,46.568858,172.8,152
712,16.284881,46.568425,172.8,152
719,16.284523,46.567944,172.8,153
725,16.284233,46.56753,172.8,154
733,16.283841,46.566989,172.8,154
737,16.283644,46.566709,172.8,153
745,16.283257,46.566159,172.8,152
750,16.28302,46.56582,172.8,152
758,16.282641,46.565289,172.8,152
761,16.282494,46.565084,172.8,152
769,16.282089,46.564536,172.8,153
772,16.281948,46.564335,172.8,154
780,16.281574,46.563809,172.8,155
784,16.281382,46.563542,172.8,155
792,16.280999,46.563021,172.8,155
796,16.280812,46.562758,172.8,155
804,16.280433,46.562238,172.8,154
807,16.280295,46.562052,172.8,154
815,16.279937,46.561553,172.8,153
819,16.27976,46.5613,172.8,153
827,16.279389,46.560784,172.8,152
829,16.279298,46.560655,172.8,152
837,16.278924,46.560142,172.8,152
842,16.278688,46.559815,172.8,152
850,16.278299,46.559316,172.8,151
852,16.278202,46.559197,172.8,150
860,16.277789,46.558698,172.8,150
863,16.27764,46.558505,172.8,150
871,16.277223,46.55799,172.8,151
872,16.277167,46.557925,172.8,150
880,16.276727,46.557407,172.8,151
885,16.276426,46.5571,172.8,151
893,16.27595,46.556623,172.8,150
897,16.27572,46.55638,172.8,150
905,16.275249,46.555907,172.8,149
908,16.275085,46.55573,172.8,148
915,16.274676,46.55534,172.8,147
916,16.274629,46.555276,172.8,147
921,16.274337,46.554981,172.8,147
925,16.274085,46.554727,173.2,149
926,16.27403,46.554665,173.6,149
927,16.273973,46.554603,174.0,150
928,16.273914,46.554541,174.4,150
929,16.273854,46.554477,174.8,150
937,16.273381,46.553979,174.8,150
942,16.273094,46.553674,174.8,150
946,16.272844,46.553439,174.8,150
953,16.272436,46.553022,174.8,149
954,16.272404,46.552957,174.8,148
958,16.272394,46.552668,174.8,147
961,16.272489,46.552462,175.2,146
962,16.272552,46.552401,175.6,146
963,16.272622,46.552343,176.2,146
964,16.272698,46.552287,176.6,146
965,16.272781,46.552232,177.0,146
967,16.272963,46.552119,177.0,146
974,16.273582,46.551733,177.0,149
975,16.273675,46.551676,177.0,149
982,16.27422,46.551251,177.0,150
988,16.274611,46.550852,177.0,150
989,16.274655,46.550781,177.0,150
992,16.274728,46.550553,177.0,150
996,16.274679,46.550239,177.0,150
997,16.27466,46.55016,177.0,150
1003,16.274461,46.549691,177.0,150
1009,16.274119,46.549249,177.0,150
1016,16.273695,46.548774,177.0,150
1018,16.273572,46.548639,177.0,150
1019,16.273528,46.548568,177.0,150
1022,16.273457,46.548352,177.0,150
1023,16.273447,46.548276,177.0,150
1029,16.273343,46.547819,177.0,148
1036,16.273111,46.547278,177.0,150
1043,16.272875,46.546722,177.0,149
1045,16.27282,46.546561,177.0,149
1052,16.272746,46.546006,177.0,148
1054,16.272746,46.545842,177.0,147
1061,16.27276,46.545267,177.0,147
1062,16.272758,46.545179,177.0,148
1069,16.272794,46.544566,177.0,149
1076,16.272925,46.543954,177.0,151
1083,16.273055,46.543355,177.0,151
1084,16.273093,46.543268,177.0,152
1091,16.273264,46.542669,177.0,153
1092,16.273297,46.542578,177.0,153
1099,16.273418,46.541998,177.0,153
1105,16.27346,46.541535,177.0,153
1111,16.273443,46.541023,177.0,154
1118,16.273358,46.540452,177.0,154
1119,16.273334,46.540372,177.0,154
1126,16.273173,46.539787,177.0,156
1127,16.273145,46.539703,177.0,156
1132,16.273034,46.539306,177.4,157
1133,16.273004,46.539225,178.0,157
1135,16.272951,46.53906,178.4,157
1136,16.272928,46.538976,178.8,157
1137,16.272906,46.538897,179.2,157
1140,16.27282,46.538656,179.2,158
1142,16.272776,46.538502,179.2,158
1149,16.272598,46.537922,179.2,158
1150,16.272571,46.537845,179.2,158
1157,16.272398,46.537258,179.2,156
1163,16.272242,46.536744,178.8,155
1164,16.272223,46.536655,178.4,155
1165,16.272206,46.536565,178.0,155
1166,16.272193,46.536473,177.6,155
1167,16.27218,46.536384,177.0,155
1170,16.272167,46.536126,177.0,154
1172,16.272204,46.535945,177.0,154
1177,16.272387,46.535512,177.0,152
1184,16.272727,46.534953,177.0,150
1191,16.2731,46.534412,177.0,149
1198,16.273488,46.533898,177.0,148
1199,16.273563,46.533833,177.0,148
1201,16.27376,46.533718,177.0,148
1202,16.273861,46.533667,177.0,149
1204,16.27407,46.533574,177.0,150
1207,16.274391,46.533447,177.0,153
1208,16.274494,46.533408,177.0,153
1209,16.274596,46.533363,177.0,153
1214,16.275029,46.53314,177.0,152
1215,16.275091,46.533074,177.0,150
1217,16.27521,46.532943,177.0,149
1219,16.275298,46.532798,177.0,148
1221,16.275362,46.532648,177.0,148
1226,16.275431,46.532241,177.0,146
1233,16.275457,46.531696,177.0,144
1235,16.275451,46.531546,177.0,143
1240,16.275373,46.531178,177.0,140
1241,16.275353,46.531108,177.0,140
1246,16.275261,46.530744,177.0,137
1247,16.275265,46.530666,177.0,137
1253,16.275303,46.530225,177.0,135
1261,16.275351,46.529647,177.0,133
1262,16.27536,46.529577,177.0,133
1270,16.275426,46.528996,177.0,133
1271,16.275427,46.528924,177.0,134
1279,16.275456,46.528342,177.0,133
1280,16.275461,46.528268,177.0,133
1288,16.27551,46.52768,177.0,133
1289,16.27551,46.527616,177.0,133
1296,16.275537,46.527136,177.0,134
1301,16.275567,46.526804,177.0,137
1303,16.275598,46.526655,177.0,138
1306,16.275648,46.526446,177.0,141
1310,16.275708,46.526174,177.0,141
1318,16.275859,46.525601,177.0,140
1326,16.276022,46.525056,177.0,140
1328,16.276096,46.524925,177.0,140
1334,16.276343,46.524528,177.0,137
1335,16.276388,46.524462,177.0,136
1339,16.276571,46.524219,177.0,133
1342,16.276724,46.524047,177.0,132
1349,16.277178,46.523666,177.0,132
1357,16.277703,46.523247,177.0,130
1359,16.277837,46.523147,177.0,129
1367,16.278255,46.522683,177.0,129
1375,16.278515,46.52217,177.0,128
1379,16.278431,46.521905,177.0,127
1382,16.278223,46.521757,177.0,127
1385,16.277956,46.521653,177.0,128
1387,16.27777,46.521585,177.0,128
1395,16.277034,46.521269,177.0,128
1403,16.276342,46.520964,177.0,129
1411,16.275643,46.520672,177.0,128
1415,16.275316,46.520539,177.0,128
1418,16.275117,46.520458,177.0,126
1420,16.274989,46.520428,177.0,124
1421,16.274934,46.520413,177.4,123
1422,16.274904,46.520406,178.0,122
1423,16.274901,46.520411,178.0,121
1424,16.274895,46.520408,178.4,120
1425,16.274897,46.520406,178.8,119
1426,16.274899,46.520406,179.2,119
1429,16.274899,46.520405,179.2,115
1432,16.274899,46.520404,179.2,112
1435,16.274899,46.520405,179.2,109
1441,16.274896,46.520404,179.2,106
1445,16.274816,46.520354,179.2,107
1451,16.274544,46.520224,179.2,109
1453,16.274426,46.520196,179.2,109
1456,16.274206,46.520156,179.2,111
1459,16.273943,46.520161,179.2,114
1460,16.273851,46.520161,179.2,116
1461,16.273753,46.520167,179.2,117
1463,16.273553,46.520178,179.2,120
1466,16.273246,46.520162,179.2,123
1470,16.27282,46.520105,179.2,126
1474,16.272389,46.520045,179.2,126
1482,16.271529,46.520098,179.2,126
1483,16.271425,46.520117,179.2,126
1489,16.270786,46.520242,178.8,128
1490,16.270682,46.520262,178.4,129
1491,16.270575,46.520277,178.0,129
1492,16.270473,46.52029,177.6,129
1493,16.270369,46.5203,177.2,129
1494,16.270268,46.520304,177.2,129
1496,16.270064,46.520307,177.2,130
1504,16.269271,46.520324,177.2,130
1511,16.268563,46.520387,177.2,130
1517,16.267941,46.520443,177.2,131
1519,16.267733,46.520458,177.2,131
1525,16.26716,46.520446,177.2,131
1532,16.266486,46.52036,177.2,133
1537,16.266023,46.520267,177.2,136
1542,16.265559,46.520163,177.2,138
1549,16.264906,46.520024,177.2,139
1557,16.264163,46.519902,177.2,138
1561,16.263808,46.519859,177.2,138
1562,16.263738,46.519826,177.2,138
1566,16.263444,46.519673,177.2,136
1570,16.263125,46.519583,177.2,133
1572,16.262976,46.51954,177.2,131
1577,16.262594,46.519432,177.2,128
1580,16.262376,46.519342,177.2,126
1582,16.262344,46.519234,177.2,124
1585,16.26247,46.519104,177.2,121
1592,16.262724,46.518826,177.2,119
1596,16.262837,46.518635,177.2,116
1597,16.262861,46.518583,177.2,116
1598,16.262875,46.518529,177.2,115
1602,16.262809,46.518302,177.2,116
1603,16.262777,46.518248,177.2,116
1605,16.262723,46.518128,177.2,117
1606,16.262699,46.518068,177.6,117
1607,16.262688,46.518001,178.0,119
1609,16.262736,46.517926,178.4,123
1610,16.262785,46.51785,178.8,125
1611,16.262882,46.517699,179.2,125
1613,16.263095,46.517706,179.8,131
1614,16.263177,46.517696,180.4,133
1615,16.263264,46.51768,181.2,137
1616,16.263334,46.517659,181.8,140
1617,16.263405,46.517635,182.6,143
1618,16.263463,46.517619,183.4,144
1619,16.263524,46.517598,184.2,146
1620,16.263578,46.51757,185.0,148
1621,16.263639,46.517544,185.8,150
1622,16.263707,46.517514,186.8,150
1623,16.263787,46.517501,187.6,150
1624,16.263847,46.517483,188.4,150
1625,16.263913,46.517463,189.2,154
1626,16.263984,46.517446,190.0,155
1627,16.264048,46.517432,190.8,157
1628,16.264102,46.517412,191.6,159
1629,16.264148,46.517381,192.4,159
1630,16.264185,46.517345,193.2,161
1631,16.264215,46.517309,194.0,162
1632,16.264234,46.517251,194.8,163
1633,16.264266,46.517192,195.6,164
1634,16.264286,46.517147,196.4,164
1635,16.264297,46.517095,196.8,165
1636,16.264304,46.517043,197.2,165
1637,16.264308,46.516987,197.6,166
1638,16.264318,46.516935,198.0,166
1639,16.264343,46.516878,198.4,166
1643,16.264457,46.516682,198.8,166
1644,16.264478,46.516632,199.4,166
1645,16.264489,46.516581,199.8,166
1646,16.264496,46.516528,200.2,166
1647,16.264502,46.51648,200.8,166
1648,16.264503,46.516433,200.8,166
1649,16.264492,46.516387,200.8,166
1651,16.26445,46.516309,200.8,166
1653,16.264422,46.516233,201.2,166
1654,16.264431,46.516193,201.8,166
1655,16.264417,46.51616,202.2,166
1656,16.264411,46.516133,203.0,166
1657,16.264402,46.516098,203.6,166
1658,16.264411,46.516064,204.2,166
1659,16.26441,46.516035,204.8,166
1660,16.264407,46.516008,205.6,166
1661,16.264411,46.515979,206.2,166
1662,16.264411,46.515953,206.8,167
1663,16.264413,46.515926,207.6,166
1665,16.264398,46.515883,208.0,167
1666,16.264389,46.515854,208.4,167
1667,16.26438,46.515829,209.0,167
1668,16.264379,46.515803,209.4,168
1669,16.264379,46.515776,210.2,168
1670,16.264377,46.515747,210.8,168
1671,16.264372,46.515727,211.6,168
1672,16.264369,46.515702,212.2,168
1673,16.264369,46.515679,212.8,168
1674,16.264364,46.515653,213.4,169
1675,16.264359,46.515635,214.0,168
1676,16.264362,46.515605,214.6,169
1677,16.264357,46.515583,215.2,169
1678,16.26436,46.515562,215.8,169
1679,16.264357,46.515537,216.4,169
1681,16.264348,46.515482,217.6,169
1683,16.264347,46.515419,218.2,169
1684,16.26435,46.515392,219.4,170
1686,16.264343,46.515335,220.0,170
1687,16.264339,46.515313,220.6,170
1688,16.264349,46.51529,221.2,170
1689,16.264354,46.515269,221.8,170
1690,16.264352,46.515246,222.4,169
1692,16.26431,46.5152,222.4,169
1693,16.264308,46.515176,222.8,170
1694,16.264286,46.515153,223.2,169
1695,16.264279,46.515137,223.6,169
1696,16.264277,46.515121,224.4,169
1697,16.264275,46.515101,225.0,169
1698,16.264261,46.515078,225.6,169
1699,16.264242,46.515062,226.2,169
1700,16.264218,46.515043,226.8,169
1701,16.264189,46.515026,226.8,169
1703,16.264168,46.51499,227.4,169
1704,16.26414,46.514969,228.0,169
1705,16.264131,46.514949,228.4,169
1706,16.26411,46.514924,229.0,169
1707,16.264094,46.514901,229.4,169
1708,16.264079,46.514881,229.8,169
1709,16.264069,46.514854,230.2,168
1710,16.264062,46.514823,230.6,169
1711,16.264056,46.514792,231.2,169
1712,16.26405,46.514764,231.6,169
1713,16.264047,46.514734,232.2,169
1714,16.26406,46.514705,232.6,169
1715,16.264061,46.514676,233.2,169
1716,16.264067,46.51464,233.6,169
1717,16.264074,46.514611,234.2,168
1718,16.264079,46.514586,234.6,168
1719,16.264076,46.514544,235.2,168
1720,16.26408,46.514515,235.6,168
1723,16.264114,46.514413,236.0,168
1724,16.264117,46.514379,236.4,168
1725,16.264114,46.514335,236.8,168
1726,16.264112,46.514291,237.2,168
1727,16.264118,46.514256,237.6,168
1732,16.264198,46.514017,237.6,167
1738,16.264296,46.513708,238.0,167
1739,16.264316,46.513658,238.4,167
1741,16.264357,46.51356,239.4,167
1742,16.264364,46.513507,239.8,167
1745,16.264389,46.513364,239.8,166
1747,16.264392,46.513272,239.8,166
1748,16.264382,46.513229,240.2,166
1749,16.26437,46.513187,240.6,166
1750,16.264359,46.513145,241.0,166
1751,16.264349,46.513101,241.6,166
1752,16.264338,46.513058,242.0,165
1755,16.264321,46.512929,242.4,165
1756,16.264318,46.512885,243.0,165
1757,16.264317,46.51283,243.4,165
1758,16.264317,46.51278,244.0,166
1759,16.264319,46.512731,244.4,166
1761,16.264331,46.512632,244.8,166
1762,16.264336,46.512588,245.2,166
1763,16.264361,46.512551,245.6,166
1764,16.264389,46.512503,246.0,167
1765,16.264415,46.512467,246.4,167
1769,16.264506,46.51231,246.8,166
1770,16.264532,46.512272,247.2,166
1771,16.264552,46.512241,247.6,166
1772,16.264568,46.512195,248.0,166
1773,16.264587,46.512152,248.4,166
1774,16.2646,46.512111,249.0,166
1775,16.264614,46.512077,249.4,165
1776,16.264613,46.512039,249.8,166
1777,16.264622,46.512002,250.2,166
1778,16.264609,46.511968,250.8,166
1779,16.264604,46.51193,251.4,166
1780,16.26461,46.511897,252.0,166
1781,16.264607,46.511853,252.6,166
1782,16.264617,46.511792,253.2,167
1784,16.264627,46.511696,253.6,167
1785,16.264636,46.511644,254.0,167
1786,16.264644,46.511593,254.6,167
1787,16.264648,46.511549,255.0,167
1788,16.264655,46.511498,255.4,167
1789,16.264651,46.511442,255.4,167
1796,16.264603,46.51106,255.4,167
1800,16.264565,46.510851,255.4,166
1802,16.264565,46.510753,255.4,165
1804,16.264587,46.510654,255.8,165
1805,16.264591,46.510605,256.2,165
1806,16.264604,46.510564,256.6,165
1807,16.264612,46.510519,257.2,165
1808,16.264623,46.510469,257.8,165
1809,16.264635,46.51041,258.4,165
1810,16.264648,46.510363,259.0,165
1811,16.264659,46.510317,259.6,165
1813,16.264683,46.510216,260.2,165
1814,16.264698,46.510166,260.6,165
1815,16.26471,46.510105,261.0,164
1816,16.264721,46.510057,261.4,164
1817,16.264717,46.509988,262.0,164
1819,16.264707,46.50987,262.0,164
1821,16.264683,46.509761,262.0,164
1826,16.264594,46.509514,262.0,164
1827,16.264598,46.509458,262.0,164
1828,16.264602,46.509405,262.4,164
1829,16.264604,46.509352,262.8,163
1830,16.264596,46.509299,263.2,164
1831,16.264587,46.509245,263.8,164
1832,16.264577,46.509191,264.2,164
1836,16.264512,46.508973,264.2,164
1837,16.264488,46.508924,264.2,164
1838,16.264444,46.508876,264.2,163
1840,16.264381,46.50878,264.2,163
1842,16.264325,46.508682,264.2,163
1844,16.264251,46.508592,264.2,164
1847,16.264124,46.508472,264.6,163
1848,16.264086,46.508427,265.0,163
1849,16.264049,46.508381,265.6,163
1850,16.264014,46.508336,266.0,162
1851,16.263984,46.508294,266.4,163
1852,16.263964,46.508245,266.4,162
1853,16.263942,46.508203,266.4,162
1854,16.263913,46.508162,266.8,162
1855,16.263885,46.508125,267.4,162
1856,16.263861,46.508077,267.8,162
1857,16.263843,46.508035,268.2,162
1858,16.263827,46.507991,268.8,162
1859,16.26381,46.507949,269.2,162
1860,16.263782,46.507908,269.8,162
1861,16.26376,46.507869,270.4,163
1862,16.263734,46.50783,270.8,163
1863,16.263696,46.507788,271.2,163
1864,16.26367,46.507744,271.8,163
1865,16.263652,46.507705,272.2,163
1866,16.263637,46.507663,272.6,163
1867,16.263623,46.507626,273.0,163
1868,16.263612,46.507591,273.6,163
1869,16.263595,46.507556,274.0,163
1870,16.263565,46.507525,274.6,163
1871,16.263526,46.507494,275.0,164
1872,16.263492,46.507461,275.4,164
1873,16.263462,46.507428,275.4,164
1877,16.263287,46.507336,276.0,164
1878,16.263235,46.507314,276.4,163
1879,16.263186,46.50729,276.8,163
1880,16.263147,46.507265,277.4,163
1881,16.263071,46.507256,277.8,163
1882,16.263007,46.507236,278.2,163
1883,16.262944,46.507216,278.8,164
1884,16.26288,46.507195,279.2,164
1885,16.262827,46.507168,279.6,163
1886,16.26275,46.507154,280.2,164
1887,16.262699,46.507127,280.8,164
1888,16.262647,46.507106,281.2,164
1889,16.262597,46.507085,281.8,165
1890,16.262536,46.50708,282.4,165
1891,16.262476,46.507088,283.0,165
1892,16.262407,46.507102,283.4,166
1893,16.262344,46.507108,284.0,166
1894,16.262287,46.507096,284.4,166
1895,16.262214,46.507145,285.0,166
1897,16.262103,46.507212,285.0,165
1900,16.261964,46.507323,285.0,164
1901,16.261931,46.507353,285.0,164
1904,16.261818,46.507469,285.0,160
1909,16.261647,46.507654,285.0,157
1910,16.261616,46.507682,284.6,157
1911,16.261577,46.507729,284.0,156
1912,16.261536,46.507767,283.6,156
1913,16.26149,46.507808,283.2,155
1914,16.261441,46.50785,282.8,154
1915,16.261387,46.50789,282.4,153
1916,16.261328,46.507931,281.8,152
1917,16.261276,46.50797,281.4,152
1918,16.261231,46.508024,281.0,150
1919,16.261209,46.508086,280.4,150
1920,16.261203,46.508152,280.4,148
1921,16.261212,46.508221,280.0,147
1922,16.261228,46.508306,279.6,146
1923,16.261237,46.508398,278.6,146
1924,16.261239,46.508494,277.8,145
1925,16.261221,46.508601,276.6,143
1926,16.261206,46.508707,275.4,142
1927,16.26118,46.508819,274.2,141
1928,16.261158,46.508908,273.4,141
1929,16.261135,46.508999,272.4,140
1930,16.261131,46.509099,271.6,139
1931,16.261114,46.509185,270.6,138
1932,16.261089,46.509271,269.8,137
1934,16.261031,46.509429,269.8,134
1935,16.260964,46.509503,269.8,132
1937,16.260875,46.509647,269.8,131
1938,16.260833,46.509728,269.4,131
1939,16.260787,46.509797,269.0,131
1940,16.260744,46.50986,268.4,131
1941,16.260696,46.509939,268.0,130
1942,16.260654,46.509996,267.6,129
1943,16.260622,46.510066,267.6,127
1944,16.260598,46.510133,267.6,126
1947,16.260545,46.510318,267.6,125
1948,16.260533,46.510379,268.0,125
1949,16.260521,46.510437,268.4,125
1950,16.260505,46.510497,268.8,126
1951,16.260479,46.510552,269.2,127
1952,16.260448,46.510604,269.6,127
1953,16.260406,46.51065,269.6,127
1957,16.260226,46.510798,269.6,128
1960,16.260082,46.510893,270.0,129
1961,16.260035,46.510923,270.6,130
1962,16.259992,46.510954,271.0,131
1963,16.259949,46.510988,271.4,132
1964,16.259905,46.51102,271.8,133
1965,16.259863,46.511051,272.4,135
1966,16.259823,46.511083,272.8,135
1967,16.259781,46.511116,273.2,136
1968,16.259743,46.511151,273.8,137
1969,16.259715,46.511186,274.2,138
1970,16.259686,46.511241,274.2,138
1971,16.259658,46.511296,274.2,138
1977,16.25952,46.511662,274.2,135
1979,16.259525,46.511784,274.2,133
1981,16.259595,46.511924,273.8,132
1982,16.25963,46.511988,273.4,131
1983,16.259663,46.512056,273.0,130
1984,16.259666,46.512142,272.6,130
1985,16.259673,46.51221,272.0,129
1986,16.259699,46.512271,271.4,128
1987,16.259665,46.51236,270.8,127
1988,16.259662,46.512439,270.2,126
1989,16.259659,46.512511,269.6,126
1990,16.259665,46.512589,269.2,125
1991,16.259663,46.512659,268.8,124
1992,16.259655,46.512731,268.2,124
1993,16.25965,46.512808,267.6,123
1994,16.259644,46.512894,267.0,121
1995,16.259638,46.512974,266.2,121
1996,16.259626,46.513057,265.2,120
1997,16.259622,46.513147,264.4,120
1998,16.259617,46.513224,263.4,119
1999,16.259614,46.513302,262.6,118
2000,16.259617,46.513393,261.6,117
2001,16.259623,46.513472,260.6,114
2002,16.259629,46.513545,259.4,113
2003,16.259636,46.513621,258.2,111
2004,16.259631,46.51369,257.0,110
2005,16.259602,46.513758,255.8,109
2006,16.259527,46.51381,254.6,109
2007,16.259428,46.513831,253.6,108
2008,16.259319,46.513843,252.6,108
2009,16.259197,46.513829,251.2,107
2010,16.259061,46.513813,249.8,107
2011,16.258925,46.513802,248.2,107
2012,16.258789,46.513791,246.6,108
2013,16.258659,46.513789,245.0,108
2014,16.258524,46.513792,243.6,107
2015,16.258404,46.513796,242.2,107
2016,16.258278,46.513801,240.8,107
2017,16.258154,46.513802,239.4,106
2018,16.25803,46.513791,238.0,104
2019,16.25793,46.51379,236.6,104
2020,16.257833,46.513795,235.0,102
2021,16.257744,46.513815,234.0,101
2022,16.257668,46.513842,232.8,101
2023,16.257609,46.513889,231.8,101
2024,16.257583,46.513986,230.8,101
2025,16.257562,46.514051,229.6,102
2026,16.257569,46.514155,228.4,102
2027,16.257581,46.514242,227.2,102
2028,16.257591,46.514326,226.0,102
2029,16.2576,46.514417,224.8,102
2030,16.257591,46.514514,223.6,102
2031,16.257563,46.514617,222.0,101
2032,16.257525,46.51472,220.6,99
2033,16.257483,46.514821,219.2,99
2034,16.25744,46.514917,217.6,98
2035,16.257407,46.515013,216.2,98
2036,16.257384,46.515114,214.8,99
2037,16.257362,46.515215,213.4,99
2038,16.257342,46.515311,212.0,100
2039,16.25732,46.515404,210.8,101
2040,16.2573,46.515498,209.8,101
2041,16.25728,46.515586,208.8,102
2042,16.257255,46.515664,207.6,101
2043,16.257227,46.515729,206.6,100
2044,16.257179,46.515792,205.6,99
2045,16.257135,46.515852,204.4,97
2046,16.257098,46.515902,203.4,96
2047,16.25707,46.515959,203.0,95
2048,16.257053,46.516015,202.6,95
2049,16.257119,46.516082,202.2,95
2050,16.25721,46.516131,201.8,95
2051,16.25729,46.516174,201.4,96
2052,16.257373,46.516217,201.0,97
2053,16.257454,46.516264,200.4,98
2054,16.257534,46.516312,200.0,99
2055,16.257607,46.516355,199.6,99
2056,16.257724,46.51639,199.2,100
2058,16.25793,46.516453,199.2,100
2059,16.258035,46.516486,198.8,100
2060,16.258144,46.516518,198.4,100
2061,16.258256,46.516545,198.0,101
2062,16.258371,46.516578,197.6,101
2063,16.258484,46.516615,197.2,102
2065,16.258694,46.516685,196.8,101
2066,16.258785,46.516756,196.2,101
2067,16.258869,46.516802,195.8,100
2068,16.258933,46.516869,195.4,100
2069,16.258985,46.516946,195.0,99
2070,16.259023,46.517013,194.4,99
2071,16.259032,46.517093,193.8,99
2072,16.259034,46.51717,193.4,99
2073,16.259027,46.517253,192.6,99
2074,16.259021,46.517335,192.0,99
2075,16.259018,46.517418,191.2,99
2076,16.259018,46.517492,190.4,99
2077,16.259021,46.517595,189.4,99
2078,16.259052,46.517687,188.8,99
2079,16.259098,46.517776,188.0,100
2080,16.259165,46.517863,187.2,99
2081,16.259242,46.517944,186.2,99
2082,16.259328,46.518018,185.4,99
2083,16.259418,46.518088,184.4,99
2084,16.259515,46.518155,183.6,99
2085,16.259602,46.518213,183.6,100
2087,16.259764,46.518338,183.6,101
2088,16.259831,46.518414,183.6,101
2090,16.259939,46.51856,183.0,101
2091,16.259989,46.51863,182.6,100
2092,16.26008,46.518691,182.0,100
2093,16.260175,46.518739,181.4,100
2094,16.260279,46.518776,181.0,100
2097,16.260607,46.518863,181.0,100
2101,16.261012,46.518972,181.0,103
2103,16.261186,46.519026,181.0,103
2110,16.26177,46.519184,181.0,104
2113,16.262017,46.519254,181.0,107
2116,16.26225,46.519323,181.0,108
2117,16.262326,46.51932,181.0,108
2120,16.262476,46.519205,181.0,106
2121,16.262508,46.519157,181.0,107
2126,16.262722,46.518901,181.0,109
2127,16.262763,46.518848,181.0,110
2131,16.262879,46.518622,181.0,112
2132,16.262894,46.518562,181.0,113
2135,16.262862,46.518384,181.0,114
2136,16.262836,46.518328,181.0,115
2139,16.262741,46.518147,181.0,115
2141,16.262695,46.518018,181.0,116
2142,16.262689,46.517944,181.0,117
2144,16.262794,46.517808,181.0,119
2146,16.262941,46.517712,181.0,122
2147,16.26302,46.517699,181.4,124
2148,16.263087,46.51769,181.8,124
2149,16.263149,46.517683,182.4,127
2150,16.26323,46.517664,183.2,130
2151,16.263299,46.517642,184.0,132
2152,16.263366,46.517632,184.8,134
2153,16.263427,46.517612,185.8,136
2154,16.263482,46.517583,186.6,138
2155,16.263535,46.517571,187.4,141
2156,16.263597,46.517547,188.2,142
2157,16.263661,46.517529,189.0,144
2158,16.263716,46.517511,189.8,146
2159,16.263779,46.517494,190.6,147
2160,16.263835,46.517472,191.4,149
2161,16.263887,46.517451,192.2,150
2162,16.263963,46.517441,193.0,152
2163,16.264026,46.51742,193.8,153
2164,16.264083,46.517397,194.6,154
2165,16.264134,46.517365,195.4,155
2166,16.264169,46.517336,196.2,157
2167,16.264196,46.517302,197.0,157
2168,16.264214,46.51724,197.6,158
2169,16.264224,46.517193,198.4,159
2170,16.264248,46.517146,199.0,160
2171,16.264273,46.517093,199.6,160
2172,16.264291,46.517046,200.0,161
2173,16.264306,46.517001,200.4,161
2174,16.264319,46.516956,200.8,161
2175,16.264342,46.516907,201.2,161
2177,16.264384,46.51681,201.2,162
2178,16.264416,46.516762,201.2,162
2182,16.264497,46.516584,201.2,163
2183,16.264498,46.516538,201.6,162
2184,16.2645,46.516489,202.0,162
2185,16.264496,46.516443,202.4,162
2186,16.264486,46.516401,203.0,162
2187,16.264475,46.516358,203.4,162
2191,16.264452,46.516212,203.8,163
2192,16.264438,46.516175,204.4,163
2193,16.264426,46.516143,205.0,162
2194,16.264423,46.516113,205.4,162
2195,16.26442,46.516084,206.0,162
2196,16.264416,46.516049,206.6,162
2197,16.26441,46.516021,207.0,162
2198,16.26441,46.515987,207.6,162
2199,16.264405,46.515959,208.2,162
2200,16.264401,46.515933,209.0,163
2201,16.264409,46.515907,209.6,163
2202,16.264413,46.515879,210.2,162
2203,16.264416,46.515852,210.8,163
2204,16.264413,46.515831,211.4,163
2205,16.264404,46.515811,212.0,163
2206,16.264391,46.515793,212.6,163
2207,16.264383,46.51577,213.0,164
2208,16.264382,46.515748,213.6,164
2209,16.264381,46.515725,214.2,164
2210,16.264381,46.515701,214.6,164
2211,16.264382,46.515677,215.2,164
2212,16.264378,46.515652,215.8,165
2213,16.264378,46.515628,216.4,165
2214,16.264379,46.515603,217.0,165
2215,16.264372,46.51558,217.8,165
2216,16.264367,46.515556,218.4,165
2217,16.264364,46.515532,219.0,166
2218,16.264362,46.515507,219.6,166
2219,16.264361,46.515481,220.2,167
2220,16.264357,46.515452,220.8,167
2221,16.264352,46.515426,221.4,167
2222,16.264347,46.5154,221.8,167
2223,16.264343,46.515376,222.4,168
2224,16.26434,46.515353,223.0,168
2225,16.264334,46.515331,223.4,168
2226,16.264327,46.515309,224.0,168
2227,16.26432,46.515286,224.6,168
2228,16.264315,46.515263,225.2,168
2229,16.264317,46.515237,225.8,168
2230,16.26432,46.515211,226.4,168
2231,16.264315,46.515187,226.8,168
2232,16.264305,46.515163,227.2,169
2233,16.264286,46.515143,227.6,168
2234,16.26427,46.515121,228.0,168
2235,16.264258,46.515094,228.4,168
2237,16.264241,46.515043,229.0,168
2238,16.264227,46.51502,229.4,168
2239,16.264212,46.514996,229.8,168
2240,16.264195,46.514971,230.2,168
2241,16.264176,46.514947,230.8,168
2242,16.264161,46.514923,231.2,168
2243,16.264149,46.514898,231.8,168
2244,16.264139,46.514876,232.4,168
2245,16.264131,46.514855,232.8,168
2246,16.264112,46.514831,233.2,168
2247,16.2641,46.514806,233.6,168
2249,16.264086,46.514757,234.2,167
2250,16.26408,46.514727,235.0,168
2251,16.264074,46.5147,235.4,167
2253,16.264082,46.51465,235.8,167
2254,16.264084,46.514624,236.2,167
2255,16.264084,46.514591,236.8,168
2256,16.264084,46.51456,237.2,168
2259,16.264087,46.514465,237.6,167
2260,16.264091,46.514432,238.0,167
2261,16.264093,46.514401,238.4,167
2262,16.2641,46.514362,239.0,167
2263,16.264103,46.514323,239.4,167
2264,16.264106,46.514287,239.4,167
2266,16.264127,46.514215,239.8,166
2267,16.264137,46.514181,240.2,166
2268,16.264149,46.514143,240.6,166
2269,16.264163,46.514108,241.0,166
2270,16.264176,46.51407,241.4,166
2277,16.264298,46.513725,241.4,165
2279,16.264335,46.513627,241.4,165
2283,16.264376,46.513448,241.4,165
2286,16.264396,46.513313,241.8,164
2287,16.264387,46.513273,242.4,165
2288,16.264376,46.513237,242.8,164
2289,16.264369,46.513202,243.2,164
2290,16.264356,46.513169,243.6,164
2291,16.264344,46.513134,244.0,164
2292,16.264331,46.513097,244.4,164
2293,16.264319,46.513063,245.0,164
2294,16.264318,46.513027,245.4,164
2295,16.264318,46.51299,245.8,164
2297,16.26432,46.512902,245.8,163
2298,16.264317,46.512857,246.2,164
2299,16.264318,46.512814,246.6,164
2300,16.264324,46.512767,247.0,164
2301,16.264325,46.51272,247.4,164
2302,16.264329,46.512673,247.8,164
2304,16.264344,46.512583,247.8,163
2307,16.264387,46.51246,248.2,164
2308,16.264408,46.512421,248.8,164
2309,16.264433,46.512384,249.2,164
2310,16.264459,46.512349,249.6,164
2311,16.264481,46.512318,250.0,164
2315,16.264544,46.512182,250.4,163
2316,16.264553,46.51214,251.0,163
2317,16.26456,46.5121,251.4,163
2318,16.264563,46.512062,251.8,164
2319,16.264562,46.512027,252.4,164
2320,16.264558,46.51199,253.0,164
2321,16.26456,46.511957,253.6,164
2322,16.264561,46.511925,254.0,164
2323,16.264567,46.511886,254.6,164
2324,16.264587,46.511836,255.2,164
2325,16.264601,46.511786,255.6,165
2326,16.264605,46.511739,256.0,165
2327,16.264609,46.511687,256.6,165
2328,16.264615,46.511621,257.0,166
2334,16.26462,46.511286,257.0,166
2338,16.264598,46.511078,257.4,166
2339,16.264588,46.511028,258.0,166
2340,16.264585,46.510979,258.4,165
2341,16.264581,46.51093,258.8,165
2342,16.264575,46.510884,259.2,165
2344,16.264573,46.510789,259.2,165
2348,16.2646,46.510608,259.2,165
2350,16.26462,46.510518,259.6,164
2351,16.264628,46.51047,260.2,165
2352,16.264638,46.510423,260.6,165
2353,16.264651,46.510374,261.0,164
2354,16.264667,46.510324,261.6,164
2355,16.26468,46.510276,262.2,165
2356,16.264693,46.510223,262.8,165
2357,16.264702,46.510173,263.4,165
2358,16.264704,46.510122,263.8,164
2362,16.264714,46.509932,263.8,165
2364,16.264699,46.509826,263.8,165
2366,16.264658,46.509725,263.8,165
2369,16.264615,46.509574,263.8,164
2372,16.264601,46.50943,263.8,164
2373,16.264596,46.50938,264.4,164
2374,16.26459,46.509329,264.8,164
2375,16.264582,46.509277,265.2,163
2376,16.264571,46.509226,265.8,163
2377,16.26456,46.509173,266.2,163
2380,16.264508,46.509012,266.2,163
2388,16.26425,46.508625,266.6,164
2389,16.26421,46.508579,267.0,164
2390,16.264171,46.508534,267.4,164
2391,16.264135,46.508488,268.0,164
2392,16.264104,46.508443,268.4,164
2396,16.26399,46.508268,268.4,164
2398,16.263934,46.508188,268.8,163
2399,16.263917,46.50815,269.2,163
2400,16.2639,46.508113,269.6,164
2401,16.263876,46.508078,270.2,164
2402,16.263853,46.508043,270.6,163
2403,16.263836,46.508005,271.2,163
2404,16.263818,46.507966,271.8,164
2405,16.263791,46.507928,272.4,164
2406,16.263766,46.507889,273.0,163
2407,16.263745,46.507851,273.6,164
2408,16.263724,46.507811,274.2,164
2409,16.263702,46.507772,274.8,164
2411,16.263658,46.507696,274.8,163
2413,16.263621,46.507626,275.2,164
2414,16.263599,46.507593,275.8,164
2415,16.263573,46.507561,276.2,164
2416,16.263546,46.507528,276.8,164
2417,16.263521,46.507495,277.2,164
2418,16.263483,46.507458,277.8,164
2419,16.263441,46.507427,278.2,164
2420,16.263395,46.507398,278.8,164
2421,16.263344,46.50737,279.2,165
2422,16.263294,46.507349,279.8,164
2424,16.263204,46.507312,279.8,164
2425,16.263155,46.507287,279.8,164
2427,16.263044,46.507242,280.2,164
2428,16.26298,46.507224,280.6,164
2429,16.262912,46.507207,281.0,164
2430,16.262845,46.50719,281.6,165
2431,16.262784,46.50717,282.0,165
2432,16.262725,46.507153,282.6,164
2433,16.262663,46.507138,283.0,165
2434,16.262603,46.507129,283.6,165
2435,16.262541,46.507126,284.2,165
2436,16.262477,46.507125,284.8,165
2437,16.262417,46.507124,285.4,166
2438,16.262353,46.507127,286.0,166
2439,16.262291,46.507134,286.6,166
2442,16.262137,46.507197,286.6,165
2444,16.262046,46.507251,286.6,165
2447,16.261937,46.507358,286.6,164
2449,16.261867,46.507437,286.6,162
2452,16.261741,46.507571,286.6,160
2454,16.261641,46.507668,286.2,159
2455,16.261586,46.507719,285.8,158
2456,16.261532,46.50777,285.2,157
2457,16.261476,46.507816,284.8,156
2458,16.26142,46.50786,284.4,155
2459,16.261363,46.507904,283.8,154
2460,16.261307,46.507951,283.4,153
2461,16.261256,46.508002,283.0,152
2462,16.261224,46.508064,282.6,151
2463,16.261217,46.508132,282.2,150
2465,16.261231,46.508288,281.4,148
2466,16.261245,46.508373,280.8,147
2467,16.261248,46.508455,279.8,146
2468,16.261242,46.508536,278.8,145
2469,16.261237,46.508608,277.8,143
2470,16.261227,46.508679,276.6,143
2471,16.261211,46.508751,275.6,141
2472,16.261194,46.508825,274.6,140
2473,16.261182,46.508896,273.6,139
2476,16.261148,46.509107,273.6,137
2477,16.261141,46.509169,273.0,137
2478,16.261126,46.509237,272.6,137
2479,16.261099,46.509305,272.2,137
2480,16.261068,46.50938,271.8,136
2481,16.26102,46.50945,271.4,136
2486,16.260816,46.509786,271.4,135
2487,16.26077,46.509854,271.0,135
2488,16.26073,46.509921,270.4,134
2489,16.260695,46.509986,270.0,133
2490,16.26066,46.510048,269.6,133
2491,16.260627,46.51011,269.2,133
2492,16.260603,46.510171,269.2,133
2497,16.260532,46.51047,269.6,133
2498,16.260512,46.510528,270.0,133
2499,16.260482,46.510582,270.4,133
2500,16.260442,46.510634,270.8,133
2501,16.260392,46.510682,271.2,133
2503,16.260286,46.510756,271.2,133
2509,16.260007,46.510955,271.2,136
2510,16.259959,46.510981,271.6,136
2511,16.259909,46.511006,272.2,137
2512,16.25987,46.511034,272.6,138
2513,16.259835,46.511061,273.2,138
2514,16.259799,46.511088,273.6,139
2515,16.25976,46.511115,274.2,139
2516,16.259728,46.511144,274.8,140
2517,16.259699,46.511178,275.2,140
2518,16.25967,46.511218,275.8,140
2520,16.259613,46.511316,275.8,140
2524,16.259513,46.511543,275.8,138
2525,16.259499,46.511604,275.4,137
2526,16.25949,46.511664,275.0,137
2527,16.259493,46.511724,274.4,136
2528,16.259513,46.511783,274.0,135
2529,16.259541,46.51184,273.6,134
2530,16.25957,46.511899,273.6,133
2532,16.259625,46.512027,273.6,132
2533,16.259641,46.512095,273.2,131
2534,16.259651,46.512168,272.6,130
2535,16.259659,46.512244,272.2,129
2536,16.259659,46.51232,271.6,128
2537,16.259657,46.512394,271.0,127
2538,16.259655,46.512472,270.4,126
2539,16.259655,46.512554,269.8,126
2540,16.259651,46.512636,269.2,125
2541,16.259647,46.512712,268.6,125
2542,16.259644,46.51279,268.0,125
2543,16.259636,46.512866,267.2,124
2544,16.25963,46.512939,266.4,124
2545,16.259621,46.513011,265.8,122
2546,16.259609,46.513094,264.8,121
2547,16.259601,46.513174,263.8,120
2548,16.259601,46.513256,262.8,118
2549,16.259599,46.513338,261.8,118
2550,16.259601,46.513412,260.8,117
2551,16.259607,46.513486,260.0,117
2552,16.259612,46.51356,259.0,116
2553,16.259613,46.513628,257.8,116
2554,16.259606,46.513694,256.8,115
2555,16.259573,46.513748,255.6,115
2556,16.259519,46.513797,254.4,114
2557,16.259434,46.51383,253.2,114
2558,16.259321,46.513826,252.0,114
2559,16.259199,46.513814,250.8,114
2560,16.259078,46.513799,249.4,114
2561,16.258948,46.513786,248.2,113
2562,16.258818,46.513776,246.8,113
2563,16.258689,46.513771,245.4,113
2564,16.258563,46.513774,244.0,113
2565,16.258439,46.513782,242.6,112
2566,16.258318,46.513785,241.2,112
2567,16.258201,46.513786,239.8,112
2568,16.258088,46.513785,238.4,111
2569,16.257976,46.513784,237.0,111
2570,16.257868,46.513786,235.4,110
2571,16.257767,46.513796,234.0,109
2572,16.257677,46.513818,232.4,108
2573,16.257622,46.513876,231.6,107
2574,16.257582,46.513946,230.8,107
2575,16.257561,46.514029,229.6,107
2576,16.257556,46.514116,228.6,107
2577,16.257566,46.514204,227.2,107
2578,16.25758,46.514282,226.0,107
2579,16.257591,46.514364,224.8,108
2580,16.257592,46.514446,223.8,108
2581,16.257578,46.514528,222.6,108
2582,16.25755,46.514617,221.6,108
2583,16.25751,46.514714,220.4,108
2584,16.257467,46.514811,219.0,107
2585,16.257428,46.514909,217.6,107
2586,16.257392,46.515007,216.4,107
2587,16.25736,46.515103,215.0,107
2588,16.257343,46.5152,213.6,107
2589,16.257328,46.515298,212.4,107
2590,16.257319,46.515397,211.0,107
2591,16.257303,46.515494,210.0,107
2592,16.257281,46.51559,208.8,107
2593,16.257253,46.515677,207.8,106
2594,16.257214,46.515754,206.6,106
2595,16.257169,46.515818,205.6,105
2596,16.257124,46.515876,204.4,105
2597,16.257084,46.515931,203.4,104
2598,16.25707,46.515992,203.0,104
2599,16.257108,46.516047,202.6,104
2600,16.257162,46.516099,202.2,103
2601,16.25723,46.516143,201.6,103
2602,16.257313,46.516189,201.2,103
2603,16.257403,46.516235,200.8,104
2604,16.257502,46.516289,200.2,104
2605,16.257607,46.516337,199.8,105
2606,16.257704,46.516379,199.2,106
2607,16.257802,46.516422,198.8,107
2608,16.257913,46.516464,198.4,108
2609,16.258018,46.516497,198.0,108
2610,16.258134,46.516531,197.6,108
2611,16.258246,46.516564,197.0,108
2614,16.258554,46.516658,197.0,104
2615,16.258651,46.516695,196.6,103
2616,16.25874,46.516742,196.2,102
2617,16.258816,46.516789,195.8,101
2619,16.258938,46.516897,195.0,100
2620,16.258981,46.516967,195.0,100
2621,16.259009,46.517039,194.4,100
2622,16.259023,46.517116,193.4,100
2623,16.259022,46.517196,192.8,100
2624,16.259016,46.517279,192.8,101
2625,16.259011,46.51736,191.6,101
2626,16.259007,46.51744,190.8,102
2627,16.259006,46.51752,190.2,102
2628,16.259015,46.517605,189.4,102
2629,16.259043,46.517696,188.8,103
2630,16.259092,46.517786,188.0,103
2631,16.259158,46.51787,187.2,103
2632,16.259235,46.517948,186.4,103
2633,16.259319,46.518022,185.6,103
2634,16.259409,46.518094,184.6,103
2635,16.259501,46.51816,183.8,104
2636,16.259592,46.51822,183.0,104
2637,16.259676,46.518279,183.0,105
2639,16.259812,46.518413,182.4,105
2640,16.259859,46.518485,182.0,105
2641,16.259905,46.51856,181.6,105
2642,16.259963,46.518627,181.2,105
2643,16.260042,46.518683,180.6,104
2646,16.260339,46.518798,180.6,104
2651,16.260867,46.518924,180.6,106
2657,16.261421,46.51909,180.6,108
2664,16.261993,46.519253,180.6,108
2668,16.262294,46.519326,180.6,108
2669,16.262362,46.519306,180.6,108
2672,16.26248,46.51916,180.6,109
2679,16.262776,46.518784,180.6,112
2680,16.262814,46.518724,180.6,112
2682,16.26287,46.518606,180.6,114
2683,16.26288,46.518547,180.6,114
2687,16.262803,46.518307,180.6,116
2690,16.262728,46.518123,180.6,117
2692,16.262699,46.51799,180.6,118
2693,16.262712,46.517927,180.6,119
2696,16.262893,46.517779,180.6,122
2698,16.26305,46.517731,181.2,125
2699,16.263124,46.517725,181.8,126
2700,16.263191,46.517714,182.6,127
2701,16.263247,46.517701,183.4,129
2702,16.263298,46.517686,184.2,132
2703,16.263341,46.517673,185.0,133
2704,16.263383,46.517665,185.8,135
2705,16.263434,46.517647,186.6,137
2706,16.263486,46.517629,187.4,140
2707,16.263538,46.517614,188.2,142
2708,16.263607,46.517589,188.8,144
2709,16.263667,46.51756,189.6,146
2710,16.263716,46.517544,190.4,146
2711,16.263769,46.517531,191.2,148
2712,16.263827,46.517515,192.0,150
2713,16.263882,46.517496,192.6,151
2714,16.263934,46.517481,193.2,153
2715,16.263992,46.517467,194.0,153
2716,16.264042,46.517449,194.6,154
2717,16.264092,46.517428,195.4,155
2718,16.264133,46.517405,196.0,156
2719,16.264167,46.517366,196.8,156
2720,16.264192,46.517317,197.2,157
2721,16.264211,46.517263,197.8,158
2722,16.264231,46.517213,198.4,159
2723,16.264252,46.517165,199.0,160
2724,16.26427,46.517117,199.6,160
2727,16.264309,46.51697,200.0,162
2728,16.264325,46.516923,200.6,162
2729,16.264339,46.516876,201.0,163
2730,16.264355,46.51683,201.6,163
2731,16.264384,46.516785,202.0,162
2736,16.26448,46.516558,202.0,163
2737,16.264481,46.516512,202.4,163
2738,16.264481,46.516467,202.8,163
2739,16.264485,46.516424,203.2,163
2740,16.264482,46.516382,203.8,163
2741,16.264471,46.516343,204.2,163
2744,16.26445,46.516239,204.6,164
2745,16.264446,46.516209,205.0,163
2746,16.264435,46.516179,205.6,163
2747,16.264427,46.51615,206.0,163
2748,16.264429,46.51612,206.4,163
2749,16.26443,46.516093,207.0,163
2750,16.264427,46.516066,207.4,163
2751,16.264429,46.516038,207.8,163
2752,16.264429,46.516008,208.4,162
2753,16.264428,46.515976,208.8,162
2754,16.264426,46.515945,209.4,162
2755,16.264416,46.515919,209.8,163
2756,16.264415,46.515889,210.2,162
2757,16.264418,46.515862,210.8,162
2758,16.264421,46.515838,211.2,163
2759,16.264421,46.515812,211.8,163
2760,16.264417,46.515787,212.4,163
2761,16.264415,46.515764,213.0,163
2762,16.264415,46.515743,213.6,163
2763,16.264414,46.515723,214.0,164
2764,16.264405,46.515708,214.4,164
2765,16.264392,46.515691,215.0,164
2766,16.264383,46.515675,215.4,165
2767,16.264378,46.515655,216.0,165
2768,16.264379,46.515633,216.8,165
2769,16.264376,46.515608,217.4,165
2770,16.264375,46.515584,218.0,166
2771,16.264372,46.515568,218.6,166
2772,16.264365,46.515545,219.2,166
2773,16.264357,46.515521,219.8,166
2774,16.264354,46.515497,220.4,166
2775,16.264348,46.515479,221.0,167
2776,16.264343,46.515456,221.4,167
2777,16.264341,46.515432,222.0,166
2778,16.264344,46.515406,222.4,167
2779,16.264341,46.515379,222.8,167
2780,16.264335,46.515354,223.4,167
2781,16.264332,46.515329,224.0,167
2782,16.264337,46.515305,224.6,167
2783,16.264338,46.515282,225.0,167
2784,16.26433,46.515259,225.6,167
2785,16.264314,46.515237,226.2,167
2786,16.264299,46.515212,226.8,167
2787,16.26429,46.515188,227.4,167
2788,16.264284,46.515163,228.0,167
2790,16.264271,46.515114,228.4,167
2791,16.264258,46.515092,228.8,167
2792,16.264252,46.515066,229.2,167
2793,16.264238,46.515036,229.6,167
2794,16.264222,46.515009,230.2,167
2795,16.264206,46.514983,230.2,167
2796,16.264185,46.514961,230.6,167
2797,16.264163,46.514939,231.0,167
2798,16.264148,46.514915,231.4,167
2799,16.264132,46.514891,231.8,167
2800,16.264117,46.51487,232.2,167
2802,16.264086,46.51483,232.8,167
2803,16.264075,46.514808,233.2,167
2804,16.264068,46.514787,233.8,167
2805,16.26406,46.514766,234.2,167
2806,16.264054,46.514743,234.8,167
2807,16.264052,46.514719,235.2,167
2808,16.264051,46.514694,235.6,167
2809,16.264049,46.514669,236.2,167
2810,16.264056,46.514642,236.6,167
2811,16.264068,46.514617,237.0,168
2814,16.264072,46.514534,237.4,167
2815,16.264073,46.514502,237.8,167
2816,16.264074,46.514473,238.2,167
2817,16.264076,46.514441,238.6,167
2818,16.264079,46.514407,239.2,167
2821,16.264089,46.514302,239.6,167
2822,16.264097,46.514267,240.0,167
2823,16.264112,46.514231,240.6,167
2824,16.264132,46.514194,241.0,166
2825,16.264155,46.514156,241.6,166
2826,16.264174,46.514114,241.6,166
2830,16.264232,46.51393,241.6,165
2838,16.26436,46.513553,241.6,164
2842,16.264391,46.513378,242.0,164
2843,16.264388,46.513335,242.0,164
2844,16.264382,46.513298,242.4,164
2845,16.264377,46.513261,242.8,164
2846,16.26436,46.513229,243.2,164
2847,16.264343,46.513198,243.6,164
2849,16.264325,46.513127,243.6,164
2850,16.264319,46.513089,244.0,164
2851,16.264308,46.513054,244.4,164
2852,16.264308,46.513011,245.4,164
2854,16.264304,46.512929,245.8,163
2855,16.264303,46.512891,245.8,164
2856,16.264302,46.512848,246.2,164
2857,16.264295,46.512804,246.6,164
2858,16.264295,46.512757,247.0,163
2859,16.264295,46.51271,247.4,164
2860,16.264295,46.512667,248.0,163
2861,16.264302,46.512625,248.0,163
2864,16.264353,46.512496,248.4,164
2865,16.264377,46.512455,248.8,163
2866,16.264402,46.512415,249.2,164
2867,16.264425,46.512377,249.8,163
2868,16.264448,46.512343,250.2,163
2871,16.264525,46.512236,250.6,163
2872,16.264542,46.512197,251.0,164
2873,16.264556,46.512153,251.4,163
2874,16.264565,46.512112,251.8,163
2875,16.264565,46.512076,252.2,163
2877,16.264553,46.512012,252.6,163
2878,16.264545,46.511984,253.2,164
2879,16.264539,46.51196,253.6,163
2880,16.264534,46.511934,254.0,164
2881,16.264532,46.511903,254.4,164
2882,16.264551,46.511862,255.0,164
2883,16.264569,46.51182,255.4,164
2884,16.264582,46.511774,255.8,164
2885,16.264584,46.511732,256.4,164
2886,16.264587,46.511687,256.8,165
2892,16.264612,46.511362,256.8,164
2894,16.264602,46.511252,257.2,164
2895,16.264598,46.511201,257.6,164
2896,16.264593,46.511149,258.2,165
2897,16.264584,46.511106,258.6,164
2898,16.264573,46.511059,259.0,164
2899,16.264562,46.511009,259.0,164
2903,16.26455,46.510804,259.0,163
2905,16.264568,46.510712,259.0,164
2909,16.264601,46.510539,259.6,163
2910,16.264608,46.510496,260.0,163
2911,16.264616,46.510452,260.6,163
2912,16.264629,46.510406,261.0,163
2913,16.264642,46.510357,261.6,164
2916,16.264678,46.51021,262.0,164
2917,16.264683,46.510159,262.6,164
2918,16.264685,46.510106,263.0,164
2919,16.264685,46.510049,263.6,165
2920,16.264684,46.509989,264.0,165
2924,16.264646,46.509776,264.0,165
2929,16.264584,46.509533,264.0,164
2930,16.26458,46.509482,264.6,164
2931,16.264577,46.509432,265.0,165
2932,16.26457,46.509381,265.6,164
2933,16.264559,46.509331,266.0,164
2934,16.264551,46.509279,266.6,164
2938,16.264503,46.509074,266.6,164
2939,16.264478,46.509025,266.6,164
2945,16.264322,46.508744,266.6,163
2946,16.264296,46.508698,266.6,163
2947,16.264266,46.508651,267.0,163
2948,16.264231,46.508611,267.4,163
2949,16.264196,46.508569,267.8,163
2950,16.264164,46.508524,268.2,163
2951,16.264139,46.508482,268.6,163
2952,16.264104,46.508441,268.6,163
2954,16.26404,46.508353,268.6,163
2956,16.26399,46.508276,269.2,163
2957,16.263957,46.508238,269.6,162
2958,16.263922,46.508192,270.0,162
2959,16.263899,46.508151,270.4,162
2960,16.26388,46.508104,270.8,163
2962,16.263837,46.508019,271.4,163
2963,16.26381,46.507979,271.8,162
2964,16.263787,46.507939,272.2,162
2965,16.263768,46.5079,272.6,163
2966,16.263754,46.50786,273.2,163
2967,16.263733,46.507823,273.8,163
2968,16.263703,46.50779,274.4,163
2969,16.263673,46.507758,274.8,163
2970,16.263648,46.507724,275.4,164
2973,16.263588,46.507623,276.0,164
2974,16.263566,46.507591,276.4,164
2975,16.263542,46.50756,277.0,164
2976,16.263517,46.507527,277.4,165
2977,16.263487,46.507494,278.0,164
2981,16.263342,46.507377,278.4,165
2982,16.263301,46.507353,278.8,165
2983,16.263249,46.507325,279.2,165
2984,16.263197,46.507296,279.6,164
2985,16.263144,46.507272,280.2,165
2986,16.263078,46.507256,280.2,165
2987,16.263013,46.507242,280.6,165
2988,16.26295,46.507222,281.0,165
2989,16.262887,46.507203,281.4,165
2990,16.262832,46.507187,281.8,165
2991,16.262776,46.507167,282.2,165
2992,16.262721,46.507144,282.8,165
2993,16.262666,46.507127,283.4,165
2994,16.262602,46.507118,283.8,166
2995,16.262541,46.50712,283.8,166
2996,16.26249,46.507125,285.0,166
2998,16.262396,46.507131,285.6,167
2999,16.262341,46.50714,286.0,167
3000,16.262288,46.507156,286.6,167
3001,16.262233,46.507179,287.2,166
3002,16.262174,46.507204,287.2,166
3003,16.262119,46.507238,287.2,166
3006,16.262,46.507334,287.2,164
3011,16.261856,46.507473,287.2,161
3013,16.261779,46.507536,287.2,160
3015,16.261717,46.507602,286.8,158
3016,16.261699,46.507629,286.4,157
3017,16.26169,46.507642,286.0,156
3018,16.26168,46.507643,285.6,156
3019,16.261678,46.507641,285.2,154
3023,16.261678,46.507641,285.2,151
3026,16.261639,46.507679,285.2,148
3027,16.261612,46.5077,285.2,147
3031,16.26147,46.507823,285.2,144
3032,16.261424,46.507859,285.2,144
3033,16.261377,46.507897,284.6,143
3034,16.261332,46.507939,284.0,142
3035,16.261282,46.507983,283.6,140
3036,16.261244,46.508036,283.0,139
3037,16.261222,46.508098,282.4,138
3039,16.261219,46.508255,281.8,136
3040,16.261229,46.508351,281.0,134
3041,16.261237,46.508448,280.0,132
3042,16.261234,46.50855,279.0,131
3043,16.261222,46.508651,277.8,129
3044,16.261201,46.508752,276.8,128
3045,16.261176,46.508853,275.6,126
3046,16.261157,46.508951,274.6,125
3047,16.26114,46.509045,273.8,124
3048,16.261124,46.509144,273.2,124
3049,16.261105,46.50924,272.6,124
3050,16.26107,46.50933,272.0,124
3051,16.261025,46.509417,271.4,124
3054,16.260889,46.509659,271.0,124
3055,16.26084,46.509734,270.6,123
3056,16.260795,46.509806,270.2,122
3057,16.260758,46.509886,269.8,120
3058,16.26072,46.509957,269.4,118
3060,16.260652,46.510096,269.4,115
3062,16.260606,46.510228,269.4,113
3065,16.260566,46.510416,269.4,117
3066,16.260549,46.510476,270.0,119
3067,16.260528,46.510536,270.4,120
3068,16.260501,46.510594,271.0,121
3069,16.260464,46.510652,271.6,122
3070,16.260418,46.5107,272.2,123
3072,16.260308,46.51078,272.2,124
3074,16.260208,46.510844,272.2,125
3075,16.260164,46.510877,272.6,126
3076,16.260121,46.51091,273.0,126
3077,16.260073,46.510939,273.4,127
3078,16.260025,46.510968,273.8,127
3079,16.25998,46.510996,274.4,128
3082,16.259858,46.511069,274.8,131
3083,16.259822,46.511091,275.2,132
3084,16.259784,46.51112,275.6,132
3085,16.25975,46.511152,276.0,134
3086,16.259718,46.51119,276.4,134
3088,16.259651,46.511289,276.4,135
3093,16.259523,46.511584,276.4,134
3095,16.2595,46.511704,276.4,133
3097,16.259528,46.511831,276.4,131
3099,16.259582,46.511968,275.4,130
3100,16.25961,46.512035,275.0,130
3101,16.259628,46.512103,274.4,129
3102,16.259645,46.51217,274.4,128
3103,16.259652,46.512242,273.8,127
3104,16.259648,46.512316,273.2,126
3105,16.259643,46.512395,272.6,126
3106,16.259646,46.512472,271.8,125
3108,16.259647,46.512624,271.4,123
3109,16.259643,46.512706,270.8,122
3110,16.259641,46.512791,270.4,121
3111,16.259633,46.512876,269.6,121
3112,16.259622,46.512958,268.8,120
3113,16.259609,46.513039,268.0,118
3114,16.259603,46.51312,267.0,117
3115,16.259602,46.513202,266.0,117
3116,16.259604,46.513283,264.8,116
3117,16.259607,46.513362,263.8,114
3118,16.259613,46.51344,263.0,113
3119,16.259614,46.513514,262.0,112
3120,16.259618,46.513582,261.2,112
3121,16.259622,46.513651,260.2,110
3122,16.25961,46.513715,259.0,110
3123,16.259569,46.513772,258.0,109
3124,16.25949,46.51381,256.8,109
3125,16.259395,46.513836,255.6,108
3126,16.259294,46.513845,254.6,108
3127,16.259182,46.513844,253.4,107
3128,16.259058,46.513831,252.0,107
3129,16.258927,46.51382,250.8,107
3130,16.258803,46.513813,249.2,107
3131,16.258681,46.513804,247.6,107
3132,16.258555,46.513799,246.2,107
3133,16.25843,46.513798,244.8,106
3134,16.258309,46.513796,243.4,106
3135,16.258192,46.513797,242.0,106
3136,16.258081,46.513795,240.6,105
3137,16.257977,46.51379,239.2,104
3138,16.257885,46.51379,238.0,104
3139,16.257801,46.513799,236.8,103
3140,16.257729,46.513822,235.6,103
3141,16.257666,46.513862,234.2,103
3142,16.257635,46.513947,233.4,103
3143,16.257611,46.514033,232.6,103
3144,16.257605,46.514123,231.6,104
3145,16.257604,46.514215,230.4,104
3146,16.257612,46.514305,229.2,104
3147,16.257614,46.514388,228.0,105
3148,16.257609,46.514472,226.8,105
3149,16.257599,46.514554,225.6,105
3150,16.257576,46.514641,224.4,105
3151,16.257544,46.514738,223.0,105
3152,16.257507,46.514836,221.6,105
3153,16.25747,46.514933,220.2,105
3154,16.257436,46.515029,218.8,105
3155,16.257411,46.51512,217.4,105
3156,16.257394,46.51521,216.0,105
3157,16.257377,46.515301,214.6,105
3158,16.257363,46.515395,213.4,105
3159,16.257344,46.515488,212.0,105
3160,16.257322,46.515579,211.0,105
3161,16.257298,46.515661,210.0,105
3162,16.257265,46.515735,209.0,105
3163,16.257222,46.5158,208.0,105
3164,16.257169,46.515856,207.0,105
3165,16.25713,46.51591,206.0,105
3166,16.257108,46.51596,205.0,105
3167,16.257114,46.516014,204.0,104
3169,16.257204,46.516115,203.6,104
3170,16.257276,46.516157,203.0,103
3171,16.257351,46.516201,202.6,104
3172,16.25743,46.516246,202.0,104
3173,16.257504,46.516296,201.6,105
3174,16.257587,46.516342,201.0,105
3175,16.257676,46.516385,200.6,105
3176,16.257765,46.516422,200.0,106
3177,16.257856,46.516456,199.6,105
3178,16.257954,46.516488,199.0,105
3179,16.258055,46.516519,199.0,105
3183,16.258476,46.516634,198.6,105
3184,16.258578,46.516667,198.2,106
3185,16.258673,46.516705,197.8,106
3186,16.258763,46.516752,197.4,106
3187,16.258844,46.516803,197.0,106
3188,16.258911,46.516866,196.6,106
3189,16.258964,46.516937,196.0,106
3190,16.259003,46.517014,195.6,105
3191,16.259024,46.517093,195.0,104
3192,16.259027,46.517177,194.4,103
3193,16.259018,46.517261,193.8,102
3194,16.259006,46.517351,193.2,101
3195,16.259008,46.517434,192.6,101
3196,16.259015,46.517521,191.8,102
3197,16.259034,46.517614,191.2,102
3198,16.259073,46.517708,190.2,102
3199,16.259132,46.517801,189.4,103
3200,16.259204,46.51789,188.4,103
3201,16.259281,46.517973,187.4,103
3202,16.259366,46.518045,186.4,103
3203,16.259451,46.518113,185.4,103
3204,16.259539,46.518174,184.4,102
3207,16.259773,46.518368,184.0,103
3208,16.259834,46.518439,183.6,103
3209,16.259887,46.518516,183.0,104
3210,16.259944,46.518585,182.6,104
3211,16.260009,46.518654,182.2,105
3212,16.260097,46.518705,182.2,105
3215,16.260412,46.518807,182.2,105
3220,16.260935,46.518937,182.2,105
3226,16.261428,46.519102,182.2,104
3233,16.261978,46.519255,182.2,106
3237,16.26228,46.519327,182.2,109
3238,16.262347,46.51932,182.2,110
3241,16.262477,46.519198,182.2,109
3242,16.262512,46.519156,182.2,109
3249,16.26274,46.518854,182.2,111
3255,16.262888,46.518582,182.2,112
3256,16.262901,46.518532,182.2,113
3259,16.262847,46.518376,182.2,115
3260,16.262814,46.518323,182.2,116
3265,16.262792,46.518224,182.2,118
3266,16.26277,46.518124,182.2,119
3267,16.262726,46.517923,182.2,120
3270,16.262907,46.517752,182.2,123
3271,16.262983,46.517719,182.8,124
3272,16.263062,46.517698,183.4,126
3273,16.263129,46.51769,183.8,127
3274,16.26319,46.517685,184.6,129
3275,16.263254,46.517673,185.4,132
3276,16.263303,46.517657,186.2,134
3277,16.263362,46.517631,187.0,135
3278,16.263418,46.517636,187.8,138
3279,16.263456,46.517632,188.6,140
3280,16.263497,46.517621,189.2,142
3281,16.263545,46.517611,190.0,144
3282,16.2636,46.517607,190.6,145
3283,16.263648,46.517603,191.4,147
3284,16.263705,46.51759,192.2,148
3285,16.263762,46.517573,193.2,149
3286,16.263815,46.517558,194.0,151
3287,16.263879,46.517526,194.6,151
3288,16.263941,46.517503,195.2,152
3289,16.263997,46.517481,195.6,153
3290,16.264046,46.517463,196.4,154
3291,16.26409,46.517437,197.0,155
3292,16.264119,46.517413,197.8,156
3293,16.264154,46.51738,198.4,156
3294,16.264169,46.517349,199.0,157
3295,16.264187,46.517304,199.8,158
3296,16.264207,46.517261,200.4,158
3297,16.264236,46.517214,201.0,159
3298,16.264264,46.517174,201.6,159
3299,16.26429,46.517131,201.6,160
3303,16.264319,46.516955,201.6,161
3306,16.264381,46.516828,201.6,162
3307,16.264414,46.51679,202.2,162
3308,16.264438,46.516752,202.6,162
3309,16.264456,46.516712,203.0,162
3310,16.264475,46.516673,203.6,162
3311,16.264475,46.516632,204.0,162
3312,16.264478,46.516588,204.0,162
3313,16.264478,46.516544,204.0,162
3316,16.264473,46.516418,204.0,161
3317,16.264475,46.516381,204.4,161
3318,16.264469,46.516347,204.4,161
3319,16.264457,46.516313,205.2,161
3320,16.264449,46.516277,205.6,161
3322,16.264429,46.516221,206.0,161
3323,16.26442,46.51619,206.4,161
3324,16.264423,46.516163,206.8,161
3325,16.264421,46.516137,207.2,161
3326,16.264412,46.516109,207.6,161
3327,16.264406,46.516082,208.0,161
3328,16.264408,46.516056,208.6,161
3329,16.264411,46.516032,209.0,161
3330,16.264406,46.516008,209.6,161
3331,16.264404,46.515984,210.2,161
3332,16.264405,46.515959,210.6,162
3333,16.264408,46.51593,211.0,162
3334,16.264408,46.515897,211.4,161
3335,16.264403,46.515869,211.8,161
3336,16.264396,46.515843,212.2,162
3337,16.264393,46.515818,212.8,162
3338,16.26439,46.515798,213.2,162
3339,16.264387,46.515774,213.8,163
3340,16.264389,46.51575,214.4,163
3341,16.264387,46.515721,215.0,163
3342,16.264382,46.515694,215.6,163
3343,16.26438,46.515675,216.2,163
3344,16.264376,46.515653,216.8,164
3345,16.264372,46.515628,217.4,164
3346,16.264369,46.515609,218.0,164
3347,16.264362,46.515589,218.6,164
3348,16.264356,46.515568,219.2,165
3349,16.264353,46.515547,219.8,165
3350,16.264353,46.515522,220.4,165
3351,16.264347,46.515498,221.0,165
3352,16.26434,46.515473,221.6,166
3353,16.264334,46.515447,222.2,166
3354,16.264329,46.51542,222.8,166
3355,16.264325,46.515394,223.2,166
3356,16.264323,46.515369,223.8,166
3357,16.26432,46.515345,224.4,167
3358,16.26432,46.515321,225.0,167
3359,16.264316,46.515298,225.4,167
3360,16.264314,46.515278,226.0,167
3361,16.264318,46.515253,226.6,167
3362,16.264322,46.515227,227.0,168
3363,16.264319,46.515205,227.4,168
3364,16.264306,46.515182,228.0,167
3365,16.264291,46.515158,228.4,168
3366,16.264273,46.515136,228.8,167
3368,16.264263,46.515087,229.2,167
3369,16.264263,46.515063,229.8,167
3370,16.26426,46.515043,230.2,167
3371,16.264241,46.515023,230.6,168
3372,16.264219,46.515007,231.2,167
3374,16.264181,46.514968,231.6,167
3375,16.264173,46.514945,232.0,167
3376,16.264162,46.514923,232.6,167
3377,16.264151,46.514897,233.0,167
3378,16.264141,46.514868,233.4,167
3379,16.264129,46.514845,233.8,167
3380,16.264121,46.51482,234.4,167
3381,16.264114,46.514792,234.8,167
3382,16.264109,46.514758,235.2,167
3383,16.264105,46.514733,235.6,166
3385,16.264107,46.514678,236.6,167
3386,16.264102,46.514649,237.0,166
3387,16.264104,46.51462,237.6,166
3388,16.26411,46.51459,238.0,167
3391,16.264104,46.514496,238.4,167
3392,16.264113,46.514466,239.0,167
3393,16.264126,46.514432,239.4,166
3395,16.264123,46.514371,239.8,166
3396,16.264118,46.514333,240.2,166
3399,16.264139,46.514231,240.2,167
3404,16.264214,46.51405,240.2,166
3406,16.264235,46.513961,240.8,165
3407,16.264255,46.513914,241.2,165
3408,16.264271,46.513865,241.6,165
3409,16.264289,46.513818,242.0,165
3410,16.264308,46.513769,242.6,165
3412,16.264335,46.513674,242.6,164
3418,16.2644,46.513395,242.6,164
3419,16.264394,46.513357,242.6,164
3421,16.264385,46.513277,243.0,164
3422,16.264366,46.513241,243.4,164
3423,16.264353,46.513198,244.0,164
3424,16.264347,46.513155,244.4,164
3425,16.264338,46.513117,244.8,164
3428,16.264327,46.513009,245.2,164
3429,16.264326,46.512965,245.8,164
3430,16.264325,46.512922,246.2,164
3431,16.264324,46.51288,246.6,164
3432,16.264322,46.512838,247.0,164
3436,16.264323,46.512651,247.6,164
3437,16.264338,46.512607,248.2,164
3438,16.26435,46.51257,248.6,164
3439,16.264372,46.512528,249.2,164
3440,16.264395,46.512487,249.8,164
3444,16.264487,46.512352,250.2,164
3445,16.264512,46.512315,250.6,164
3446,16.264533,46.512277,251.0,164
3447,16.264553,46.51224,251.4,163
3448,16.264573,46.512197,251.8,163
3450,16.264596,46.512111,251.8,163
3452,16.264604,46.512035,252.4,164
3453,16.264602,46.512001,252.8,164
3454,16.2646,46.51197,253.4,164
3455,16.264582,46.511946,254.0,164
3456,16.264576,46.511911,254.6,164
3457,16.264577,46.511871,255.2,164
3458,16.264583,46.511839,255.8,164
3459,16.264592,46.511797,256.4,164
3461,16.264598,46.511698,256.4,165
3462,16.264603,46.511647,256.8,165
3463,16.264613,46.511589,257.2,165
3464,16.264619,46.511538,257.6,165
3465,16.264625,46.511483,258.0,165
3466,16.264629,46.51142,258.4,166
3468,16.264627,46.511303,258.4,166
3472,16.264607,46.511085,258.4,165
3475,16.26458,46.510923,258.4,165
3479,16.264594,46.51072,258.4,165
3480,16.264599,46.510671,258.8,164
3481,16.264603,46.510622,259.4,164
3483,16.26462,46.510523,259.8,165
3484,16.26463,46.510475,260.2,165
3485,16.264623,46.510429,260.8,165
3486,16.26463,46.510372,261.2,165
3487,16.264638,46.51032,261.8,165
3488,16.264649,46.510263,262.2,165
3489,16.264658,46.510204,262.8,165
3493,16.264681,46.509995,262.8,165
3494,16.264688,46.509942,263.2,165
3495,16.264696,46.509884,263.6,165
3496,16.264698,46.509826,264.0,165
3497,16.264689,46.509767,264.4,165
3498,16.264676,46.509708,265.0,165
3500,16.264635,46.509603,265.0,165
3503,16.264604,46.509454,265.0,164
3505,16.264594,46.509342,265.0,165
3506,16.264584,46.509282,265.4,164
3507,16.264569,46.509227,265.8,164
3508,16.264557,46.509169,266.2,164
3509,16.264544,46.509116,266.6,164
3510,16.264528,46.509061,267.0,164
3513,16.264438,46.508907,267.0,164
3515,16.264386,46.508814,267.0,164
3520,16.264209,46.50858,267.6,163
3521,16.264174,46.508536,268.0,163
3522,16.26414,46.508488,268.4,163
3523,16.264105,46.508446,268.8,163
3524,16.264066,46.508404,269.2,163
3526,16.263999,46.508314,269.2,162
3528,16.263946,46.50823,269.8,162
3529,16.263916,46.508191,270.2,162
3530,16.263898,46.508152,270.6,162
3531,16.263887,46.508108,271.0,162
3532,16.263879,46.508065,271.4,162
3534,16.263833,46.507988,271.8,162
3535,16.263805,46.507955,272.4,162
3536,16.263776,46.50792,272.8,162
3537,16.263749,46.507881,273.2,162
3538,16.263734,46.507839,273.8,162
3539,16.263724,46.507799,274.2,162
3540,16.263706,46.507766,274.8,162
3541,16.263681,46.507728,275.2,163
3542,16.263658,46.507696,275.8,163
3544,16.263611,46.507616,276.2,163
3545,16.263586,46.507577,276.6,162
3546,16.263557,46.50754,277.0,163
3547,16.263529,46.507506,277.4,163
3548,16.263498,46.507464,277.8,163
3549,16.263455,46.507427,277.8,163
3550,16.263414,46.507388,278.2,163
3552,16.263331,46.507329,279.0,164
3554,16.263219,46.507295,279.4,164
3555,16.263165,46.50728,280.0,164
3556,16.263113,46.507262,280.0,164
3557,16.263051,46.507242,280.0,164
3559,16.262923,46.507206,280.4,164
3560,16.262859,46.507189,280.8,165
3561,16.262797,46.507169,281.4,165
3562,16.262736,46.507164,282.0,165
3563,16.262681,46.507148,282.6,165
3564,16.262623,46.507126,283.2,165
3565,16.262569,46.507115,283.8,165
3566,16.262509,46.507117,284.4,166
3567,16.262451,46.507118,285.0,166
3568,16.262394,46.507117,285.6,166
3569,16.26233,46.507122,286.0,166
3570,16.262265,46.507141,286.6,166
3575,16.261979,46.507326,286.6,165
3580,16.261748,46.507557,286.6,162
3584,16.261545,46.507752,286.2,159
3585,16.261479,46.507797,285.6,158
3586,16.261422,46.507839,285.0,158
3587,16.261369,46.507879,284.6,157
3588,16.26133,46.507924,284.0,156
3590,16.261248,46.507996,284.0,155
3592,16.261186,46.508054,284.0,152
3594,16.261145,46.508079,284.0,149
3597,16.261125,46.508076,284.0,146
3598,16.261123,46.508076,283.6,146
3599,16.261124,46.508076,283.2,145
3600,16.261124,46.508076,282.8,144
3601,16.261124,46.508076,282.2,143
3602,16.261124,46.508076,281.8,142
3606,16.261125,46.508076,281.8,139
3611,16.261125,46.508076,281.8,136
3614,16.261139,46.508084,281.8,135
3616,16.261196,46.508141,281.8,133
3618,16.261225,46.508257,281.4,131
3619,16.261238,46.508346,280.8,130
3620,16.261248,46.508431,280.0,129
3621,16.261251,46.508521,279.0,129
3622,16.261245,46.508623,278.0,128
3623,16.261237,46.508717,277.0,125
3624,16.261208,46.508818,276.0,123
3625,16.261187,46.508921,275.2,121
3626,16.26117,46.509023,274.4,121
3627,16.261147,46.509123,273.6,120
3628,16.261131,46.509218,272.8,118
3629,16.261104,46.509313,271.8,117
3630,16.261063,46.509399,271.8,117
3631,16.261015,46.509488,271.4,114
3632,16.260973,46.509565,271.0,112
3633,16.260928,46.509645,270.6,110
3634,16.260879,46.509723,270.2,110
3635,16.26083,46.509793,269.6,110
3637,16.260742,46.509935,269.6,111
3640,16.26063,46.510139,269.6,114
3641,16.260611,46.510201,269.6,115
3643,16.260575,46.510328,269.6,117
3647,16.26053,46.510579,270.2,119
3648,16.260496,46.510637,270.6,119
3649,16.260457,46.510685,271.0,120
3650,16.2604,46.510724,271.4,120
3651,16.260339,46.510763,272.0,121
3652,16.260291,46.510797,272.0,121
3656,16.260083,46.510919,272.0,124
3657,16.260037,46.510947,272.4,124
3658,16.259992,46.510979,272.8,125
3659,16.259952,46.511004,273.2,126
3660,16.259914,46.51103,273.6,127
3661,16.259876,46.511057,274.0,128
3662,16.259842,46.511081,274.4,129
3663,16.25981,46.511107,274.8,129
3664,16.259776,46.511131,275.4,130
3665,16.259748,46.511154,275.8,131
3666,16.259724,46.511178,276.2,131
3668,16.259675,46.51124,276.2,131
3670,16.259622,46.511331,276.2,130
3672,16.259567,46.511439,276.2,129
3677,16.259494,46.511735,276.2,127
3678,16.259512,46.511794,275.8,127
3679,16.259537,46.511858,275.4,126
3680,16.259568,46.511918,274.8,125
3681,16.259594,46.511987,274.4,123
3682,16.259621,46.512063,274.0,122
3683,16.25963,46.51214,273.6,121
3684,16.259638,46.51221,273.2,119
3685,16.259639,46.51228,272.6,118
3686,16.259643,46.512346,272.0,117
3687,16.259646,46.512419,271.4,117
3688,16.259643,46.512496,270.8,117
3689,16.25964,46.51258,270.2,116
3690,16.259633,46.512659,269.6,115
3691,16.259628,46.512741,269.0,115
3692,16.259628,46.512819,268.2,115
3693,16.259623,46.512897,267.4,114
3694,16.259608,46.512975,266.8,113
3696,16.259592,46.513132,266.0,112
3697,16.259588,46.513221,265.0,111
3698,16.259584,46.513307,263.2,110
3700,16.259593,46.513467,262.4,110
3701,16.259602,46.513542,261.4,109
3702,16.259607,46.513613,260.2,109
3703,16.259611,46.513675,259.2,109
3704,16.259598,46.513738,257.2,109
3705,16.259547,46.513785,257.2,109
3706,16.259473,46.513831,256.0,108
3707,16.259386,46.513866,255.0,108
3708,16.259278,46.513876,253.8,108
3709,16.259124,46.513831,252.4,108
3710,16.258988,46.513816,251.0,108
3711,16.258853,46.513805,249.6,107
3712,16.258719,46.513796,247.8,107
3713,16.258586,46.513796,244.8,106
3715,16.258326,46.513804,243.4,105
3716,16.258196,46.513809,240.6,105
3718,16.257957,46.513804,239.4,104
3719,16.257848,46.513802,238.2,103
3720,16.25775,46.513807,236.8,104
3721,16.257674,46.513841,235.6,104
3722,16.257617,46.513891,234.2,104
3723,16.257586,46.513947,233.2,104
3724,16.257566,46.514005,232.2,104
3725,16.257562,46.514065,231.2,104
3726,16.257563,46.514128,230.2,104
3727,16.257573,46.514201,229.0,104
3728,16.257595,46.514287,227.8,104
3729,16.257608,46.514374,226.8,105
3730,16.257599,46.514458,225.6,105
3731,16.257586,46.514546,224.4,105
3732,16.257564,46.514641,223.0,105
3733,16.257524,46.514742,221.6,105
3734,16.257483,46.514843,220.4,104
3735,16.257443,46.514937,218.8,104
3736,16.257402,46.515039,217.4,103
3737,16.257371,46.515142,216.0,103
3738,16.257356,46.515247,214.6,103
3739,16.257342,46.515348,213.2,103
3740,16.257331,46.515449,212.2,103
3741,16.257317,46.515545,211.2,103
3742,16.257296,46.515637,210.2,103
3743,16.257273,46.515723,209.2,103
3744,16.257224,46.515795,208.4,103
3745,16.257174,46.515863,207.4,103
3746,16.257126,46.515928,206.4,102
3747,16.257092,46.515984,205.4,102
3748,16.257082,46.516049,204.8,102
3749,16.257112,46.516114,204.4,101
3750,16.257183,46.516165,204.0,101
3751,16.257263,46.516201,203.4,101
3752,16.257355,46.516234,202.6,101
3753,16.257439,46.516279,202.0,102
3754,16.257523,46.516325,201.4,102
3755,16.257615,46.516376,200.8,103
3756,16.257712,46.516409,200.8,104
3757,16.257826,46.51645,200.4,104
3758,16.257933,46.516488,200.0,104
3759,16.258044,46.516521,199.6,104
3760,16.258163,46.516551,199.2,103
3761,16.258277,46.516582,198.8,102
3763,16.258497,46.516645,198.4,101
3764,16.25861,46.516683,198.0,101
3765,16.25871,46.516736,197.4,102
3766,16.258802,46.516798,197.0,102
3767,16.25888,46.516863,196.4,102
3768,16.258936,46.516938,196.0,102
3769,16.25898,46.517025,195.4,102
3770,16.259014,46.517111,194.8,102
3771,16.259026,46.517191,194.2,102
3772,16.25901,46.517281,193.6,102
3773,16.259001,46.517376,192.8,101
3774,16.259005,46.517465,192.2,102
3775,16.259006,46.517555,191.4,102
3776,16.259029,46.517657,190.8,102
3777,16.259086,46.517756,189.8,102
3778,16.259164,46.51785,189.0,102
3779,16.259251,46.517939,188.2,102
3780,16.259349,46.518022,187.4,102
3781,16.259452,46.518103,186.4,102
3782,16.259549,46.518177,185.6,102
3783,16.259656,46.518255,184.8,102
3784,16.259752,46.518334,184.0,103
3785,16.259837,46.518412,184.0,103
3786,16.259896,46.518501,184.0,103
3788,16.260038,46.518661,183.6,102
3789,16.260141,46.518728,183.2,102
3790,16.260257,46.51878,182.8,102
3791,16.260382,46.518819,182.4,102
3792,16.260511,46.518852,182.0,102
3793,16.260637,46.518878,182.0,101
3798,16.261199,46.519011,182.0,100
3802,16.261625,46.519139,182.0,103
3805,16.261929,46.519234,182.0,104
3811,16.262491,46.519407,182.0,107
3812,16.262581,46.519431,182.0,108
3816,16.26293,46.519542,182.0,111
3819,16.2632,46.51962,182.0,112
3825,16.26372,46.519783,182.0,114
3826,16.263776,46.519825,182.0,114
3829,16.263967,46.519901,182.0,114
3830,16.264048,46.519897,182.4,114
3831,16.264139,46.519894,182.8,115
3832,16.264229,46.519892,183.2,115
3833,16.264322,46.5199,183.6,116
3834,16.264414,46.51991,184.0,116
3837,16.264696,46.519958,184.0,118
3838,16.264784,46.519975,184.0,119
3842,16.265163,46.520051,184.0,122
3847,16.265655,46.520144,184.0,123
3855,16.266457,46.520306,184.0,124
3856,16.266561,46.520323,184.0,124
3864,16.267416,46.520434,184.0,125
3865,16.267527,46.520437,184.0,125
3872,16.268269,46.520408,184.0,125
3879,16.268977,46.520334,184.0,125
3883,16.269369,46.5203,183.6,125
3884,16.269468,46.520296,183.2,125
3885,16.269567,46.520295,182.8,126
3886,16.269665,46.520292,182.4,126
3887,16.269764,46.520292,182.0,126
3888,16.269865,46.520296,182.0,126
3896,16.270703,46.520253,182.0,128
3901,16.271187,46.520165,182.0,128
3902,16.271279,46.520144,182.0,128
3910,16.272052,46.520015,182.0,130
3912,16.272241,46.520008,182.0,130
3915,16.272539,46.520028,182.0,131
3917,16.272729,46.520053,182.0,131
3921,16.273113,46.520099,182.0,130
3925,16.273494,46.520116,182.0,130
3928,16.27378,46.520102,182.0,131
3933,16.27425,46.520119,182.0,132
3935,16.274431,46.520152,182.0,132
3938,16.274694,46.520236,182.0,133
3940,16.274867,46.520312,182.0,134
3946,16.275414,46.520516,182.0,133
3951,16.275876,46.520722,182.0,133
3958,16.276511,46.521013,182.0,130
3961,16.276778,46.521129,182.0,130
3969,16.277491,46.52145,182.0,128
3971,16.27766,46.521523,182.0,127
3977,16.27817,46.521707,182.0,126
3983,16.27864,46.521839,182.0,125
3986,16.278762,46.521855,182.0,122
3989,16.278811,46.52187,182.0,119
3990,16.278835,46.521885,182.0,119
3991,16.278839,46.521916,182.0,119
3993,16.278796,46.521989,182.0,119
3998,16.278646,46.522214,182.0,122
4002,16.278498,46.522434,182.0,124
4007,16.278299,46.522738,182.0,126
4015,16.277897,46.523214,182.0,128
4016,16.277831,46.523266,182.0,128
4024,16.277284,46.523686,182.0,128
4025,16.277209,46.52374,182.0,127
4030,16.276839,46.524043,182.0,129
4031,16.276769,46.524117,182.0,130
4034,16.276563,46.524345,182.0,133
4036,16.276444,46.524509,182.0,136
4039,16.276277,46.52475,182.0,139
4041,16.276163,46.524918,182.0,141
4045,16.275992,46.525269,182.0,144
4047,16.275922,46.525449,182.0,146
4053,16.275786,46.526001,182.0,148
4059,16.275653,46.526548,182.0,150
4063,16.275581,46.526915,182.0,151
4068,16.27553,46.527381,181.6,151
4069,16.275521,46.527469,181.0,151
4070,16.275513,46.527558,180.6,151
4071,16.275504,46.527649,180.2,152
4072,16.275501,46.527737,179.8,152
4078,16.275466,46.52829,179.8,152
4085,16.275446,46.528909,179.8,153
4086,16.275446,46.528993,179.8,152
4091,16.275396,46.52942,179.8,153
4096,16.275354,46.52985,179.8,153
4103,16.275317,46.530441,179.8,153
4109,16.275333,46.530957,179.8,153
4114,16.275455,46.531391,180.2,154
4115,16.275479,46.53148,180.6,153
4116,16.275497,46.531572,181.0,154
4117,16.275502,46.531663,181.4,154
4118,16.275508,46.531754,182.0,154
4121,16.275497,46.532041,182.0,154
4127,16.275437,46.532587,182.0,154
4128,16.275421,46.53267,182.0,154
4130,16.275361,46.532832,182.0,154
4132,16.275264,46.532993,182.0,153
4134,16.275136,46.533153,182.0,154
4135,16.275056,46.533229,182.0,154
4136,16.274969,46.533297,182.0,154
4139,16.274669,46.533471,182.0,155
4140,16.274559,46.533523,182.0,156
4145,16.273989,46.533745,182.0,156
4149,16.273569,46.533977,182.0,157
4150,16.27348,46.534052,182.0,156
4153,16.273263,46.534292,181.4,156
4154,16.273206,46.534374,181.0,156
4155,16.273154,46.534453,180.6,156
4156,16.273102,46.534535,180.2,156
4157,16.273051,46.534616,179.8,155
4160,16.272908,46.534851,179.8,156
4167,16.272559,46.535416,179.8,155
4168,16.272515,46.535495,179.8,156
4175,16.272243,46.53606,179.8,156
4176,16.272221,46.536137,179.8,156
4181,16.2722,46.536526,179.8,157
4185,16.272258,46.53688,180.2,157
4186,16.272291,46.536969,180.6,157
4187,16.272319,46.537053,181.2,158
4188,16.272341,46.537132,181.6,158
4189,16.272374,46.537201,182.0,158
4192,16.272464,46.53743,182.6,158
4193,16.272496,46.537504,183.0,159
4194,16.272528,46.537588,183.4,159
4195,16.272558,46.537675,184.0,159
4196,16.272581,46.537757,184.4,159
4199,16.272668,46.538013,184.4,159
4206,16.272856,46.538615,184.4,160
4212,16.273051,46.539165,184.4,160
4213,16.273081,46.539252,184.4,160
4219,16.273271,46.539797,184.4,160
4225,16.273442,46.540359,184.4,160
4227,16.273492,46.540551,184.4,159
4233,16.273587,46.541118,184.4,159
4235,16.273596,46.541306,184.4,159
4241,16.273582,46.541873,184.4,158
4242,16.273579,46.541964,184.4,158
4248,16.273484,46.542508,184.4,158
4253,16.273341,46.542971,184.4,157
4260,16.273191,46.543591,184.4,156
4261,16.273172,46.543677,184.4,156
4267,16.273049,46.544231,184.4,157
4269,16.273019,46.544425,184.4,156
4274,16.27295,46.544881,184.0,157
4275,16.272944,46.544977,183.6,157
4276,16.272938,46.545067,183.2,157
4277,16.272934,46.545153,182.8,157
4278,16.272928,46.545242,182.4,157
4282,16.272901,46.545593,182.4,157
4289,16.272861,46.546213,182.4,158
4295,16.27293,46.546725,182.4,159
4301,16.273149,46.547234,182.4,159
4308,16.273404,46.547826,182.4,157
4309,16.273439,46.547909,182.4,157
4315,16.27356,46.548421,182.8,156
4316,16.273572,46.548513,183.2,157
4317,16.273606,46.548596,183.6,156
4318,16.273646,46.548678,184.0,156
4319,16.273699,46.548757,184.4,156
4321,16.273832,46.548906,184.4,156
4324,16.274034,46.549115,184.4,156
4331,16.274464,46.549628,184.4,155
4337,16.274735,46.550116,184.4,155
4342,16.274797,46.550549,184.4,155
4345,16.274735,46.550812,184.4,155
4346,16.274689,46.5509,184.4,155
4350,16.274419,46.551212,184.4,155
4357,16.273856,46.551693,184.4,156
4364,16.273205,46.552103,184.4,156
4369,16.272738,46.552388,184.0,157
4370,16.272654,46.552448,183.6,156
4371,16.27257,46.552517,183.2,157
4372,16.272515,46.552592,182.8,157
4373,16.272466,46.552672,182.4,156
4376,16.272421,46.552935,182.4,156
4379,16.272536,46.553184,182.4,156
4382,16.272772,46.553405,182.4,156
4383,16.272857,46.553477,182.4,155
4390,16.273391,46.553989,182.4,156
4391,16.273469,46.554064,182.4,155
4397,16.273942,46.554547,182.4,155
4401,16.27427,46.554867,182.4,155
4407,16.274759,46.555359,182.4,156
4413,16.275239,46.555847,182.4,155
4419,16.275728,46.556347,182.4,155
4425,16.276215,46.556839,182.4,154
4431,16.276668,46.557343,182.4,153
4434,16.276835,46.557613,182.4,153
4440,16.277223,46.558154,182.4,153
4441,16.277299,46.558246,182.4,153
4447,16.277733,46.558774,182.4,154
4451,16.278013,46.559133,182.4,155
4457,16.278456,46.559666,182.4,155
4461,16.27874,46.560031,182.4,155
4467,16.279143,46.560598,182.4,156
4470,16.279354,46.56087,182.4,156
4476,16.279738,46.561421,182.4,156
4480,16.280002,46.561785,182.4,157
4486,16.280407,46.562344,182.4,156
4492,16.280809,46.562909,182.4,156
4493,16.280876,46.562999,182.4,156
4499,16.281278,46.563551,182.4,155
4505,16.281676,46.564112,182.4,155
4507,16.281796,46.564296,182.4,155
4513,16.282193,46.564836,182.4,154
4517,16.282437,46.565192,182.4,153
4523,16.282827,46.565729,182.4,153
4526,16.283006,46.565995,182.4,152
4532,16.283389,46.566519,182.4,151
4538,16.28377,46.56705,182.4,152
4544,16.284145,46.567581,182.4,152
4550,16.284535,46.568118,182.4,153
4556,16.2849,46.56865,182.4,151
4559,16.285097,46.56891,182.4,151
4565,16.28548,46.569444,182.4,151
4567,16.285608,46.569621,182.4,151
4573,16.285992,46.570163,182.4,150
4576,16.286214,46.570411,182.4,150
4580,16.28648,46.570732,182.4,147
4582,16.286591,46.570893,182.4,146
4585,16.286783,46.571125,182.4,145
4587,16.286938,46.571263,182.4,144
4588,16.286991,46.571336,182.4,143
4591,16.287153,46.571571,182.4,141
4595,16.287421,46.571882,182.4,142
4596,16.287507,46.571939,182.4,142
4598,16.287724,46.571989,182.4,142
4600,16.287911,46.571904,182.4,141
4602,16.288065,46.571774,182.4,141
4603,16.288144,46.571705,182.4,141
4607,16.288528,46.571447,182.4,143
4608,16.288635,46.571391,182.4,144
4611,16.288951,46.571238,182.4,147
4615,16.289376,46.571049,182.4,150
4616,16.289482,46.571003,182.4,151
4623,16.290224,46.570682,182.4,153
4625,16.290423,46.570586,182.4,153
4632,16.29111,46.570211,182.4,156
4633,16.291199,46.570155,182.4,155
4640,16.291857,46.569777,182.4,157
4642,16.292045,46.569666,182.4,156
4649,16.292715,46.569289,182.4,156
4655,16.293332,46.569059,182.4,155
4662,16.29412,46.56886,182.4,153
4666,16.294476,46.568661,182.4,152
4667,16.294567,46.568645,182.4,150
4669,16.29472,46.568711,182.4,149
4671,16.294847,46.568826,182.4,148
4673,16.295028,46.568939,182.4,147
4678,16.295629,46.569113,182.4,149
4682,16.296128,46.569206,182.4,151
4683,16.296262,46.569203,182.4,151
4686,16.296641,46.569203,182.4,152
4688,16.2969,46.569215,182.4,151
4691,16.297272,46.56925,182.4,151
4693,16.297508,46.569299,182.4,151
4699,16.298233,46.569452,182.4,150
4703,16.298695,46.569564,182.4,150
4704,16.29876,46.569627,182.4,150
4707,16.298839,46.569877,182.4,150
4712,16.299185,46.570241,182.4,150
4715,16.29952,46.57039,182.4,150
4716,16.299598,46.570459,182.4,150
4720,16.299943,46.570718,182.4,150
4725,16.300546,46.570893,182.4,150
4731,16.301247,46.571107,182.4,151
4734,16.301602,46.571229,182.0,151
4735,16.30172,46.571268,181.6,151
4736,16.301838,46.571306,181.0,151
4737,16.301958,46.571347,180.6,152
4738,16.302073,46.571387,180.2,152
4744,16.302782,46.571624,180.2,152
4745,16.3029,46.571647,180.2,152
4746,16.303031,46.571652,180.2,153
4749,16.303411,46.571595,180.2,152
4750,16.303541,46.571578,180.2,153
4752,16.303788,46.571572,180.2,152
4753,16.303916,46.571581,180.2,152
4758,16.304533,46.571577,180.2,152
4759,16.304645,46.571553,180.2,152
4762,16.304961,46.571409,180.2,153
4763,16.305062,46.571371,180.2,152
4765,16.305271,46.571393,180.2,152
4768,16.305476,46.571539,180.2,150
4770,16.305584,46.571689,180.2,149
4772,16.305691,46.571858,180.2,150
4776,16.305927,46.572156,180.2,150
4777,16.306027,46.572215,180.2,151
4779,16.306266,46.572253,180.2,151
4782,16.306637,46.572204,180.2,152
4787,16.307249,46.572154,180.2,153
4788,16.307364,46.572119,180.2,153
4791,16.307673,46.571976,180.2,153
4792,16.307783,46.571927,180.2,154
4795,16.308131,46.571823,180.2,154
4796,16.308255,46.571805,180.2,154
4801,16.308901,46.571753,180.2,155
4803,16.309152,46.571709,180.2,155
4806,16.309532,46.571633,180.2,155
4811,16.310158,46.5716,180.2,154
4813,16.310336,46.571751,180.2,154
4817,16.310606,46.572041,180.2,153
4818,16.310684,46.572097,180.2,153
4820,16.310895,46.572163,180.2,152
4823,16.311296,46.572189,180.2,152
4827,16.311811,46.572246,180.2,151
4828,16.311941,46.572238,180.2,151
4832,16.312441,46.572135,180.2,151
4839,16.313324,46.571982,180.2,151
4840,16.313447,46.571964,180.2,151
4843,16.313805,46.57194,180.2,148
4846,16.314139,46.571938,180.2,146
4849,16.314447,46.571945,180.2,142
4852,16.31474,46.571964,180.2,139
4853,16.314843,46.571969,180.2,138
4859,16.315435,46.571941,180.2,134
4861,16.315632,46.571901,180.2,133
4862,16.315726,46.571879,180.2,133
4866,16.316114,46.571788,180.2,130
4872,16.316698,46.571672,180.2,127
4879,16.317405,46.571555,180.2,126
4887,16.318231,46.571429,180.2,124
4889,16.318424,46.571396,180.2,123
4893,16.318776,46.571313,180.2,120
4896,16.319014,46.571259,180.2,119
4904,16.319682,46.571121,180.2,122
4908,16.320026,46.571055,180.2,122
4912,16.320359,46.570993,180.2,121
4917,16.320789,46.570901,180.2,124
4920,16.321054,46.570835,180.2,126
4928,16.321726,46.570687,180.2,127
4936,16.322375,46.570554,180.2,127
4941,16.322751,46.570461,180.2,124
4943,16.322894,46.570434,180.2,122
4952,16.323555,46.570289,180.2,123
4956,16.323841,46.570231,180.2,119
4960,16.32414,46.570174,180.2,118
4967,16.324616,46.570062,180.2,115
4974,16.325153,46.569957,180.2,118
4980,16.325577,46.569871,180.2,115
4982,16.325708,46.569847,180.2,115
4989,16.326202,46.569739,180.2,118
4990,16.326276,46.569722,180.2,118
4997,16.326753,46.569626,180.2,118
5000,16.326979,46.569583,180.2,121
5005,16.327357,46.569505,180.2,123
5012,16.327837,46.569394,180.2,121
5018,16.328326,46.569296,180.2,121
5021,16.328546,46.569245,180.2,117
5026,16.328873,46.569165,180.2,115
5034,16.329429,46.569042,180.2,117
5041,16.329854,46.568958,180.2,116
5047,16.330242,46.56887,180.2,118
5049,16.330381,46.568834,180.2,119
5056,16.330858,46.568721,180.2,121
5063,16.331328,46.568668,180.2,122
5067,16.331511,46.568769,180.2,122
5070,16.331553,46.568918,180.2,120
5071,16.331566,46.568959,180.2,119
5072,16.331584,46.568998,180.2,119
5075,16.331716,46.569068,180.2,116
5078,16.331897,46.56905,180.2,113
5079,16.331959,46.569034,180.2,113
5084,16.332321,46.568964,180.2,116
5086,16.33246,46.568937,180.2,116
5091,16.332783,46.568878,180.2,114
5093,16.332923,46.568885,180.2,115
5097,16.333176,46.568979,180.2,116
5098,16.333227,46.569007,180.2,115
5101,16.333391,46.569106,180.2,112
5103,16.333513,46.569175,179.8,112
5104,16.333572,46.569207,179.2,112
5105,16.333625,46.569238,178.8,112
5106,16.33368,46.569265,178.4,112
5107,16.333731,46.56929,178.0,111
5109,16.333826,46.569346,178.0,110
5111,16.333914,46.569394,178.0,107
5113,16.333998,46.569433,178.0,104
5116,16.334132,46.569503,178.0,106
5119,16.334295,46.569585,178.0,109
5123,16.334535,46.569706,178.0,111
5130,16.334882,46.569909,178.0,109
5138,16.335244,46.57016,178.0,111
5142,16.335409,46.570274,178.0,108
5145,16.335528,46.570361,178.0,108
5148,16.335648,46.57047,178.0,111
5152,16.335801,46.570624,178.0,112
5154,16.335881,46.570706,178.0,111
5157,16.336018,46.570811,178.0,112
5164,16.336178,46.570931,178.0,114
5166,16.336339,46.571052,178.0,114
5167,16.336501,46.571173,178.0,115
5171,16.336608,46.571293,178.0,114
5179,16.336794,46.571595,178.0,114
5183,16.336875,46.571743,178.0,111
5186,16.336982,46.571846,178.0,109
5191,16.337245,46.571938,178.0,109
5198,16.337663,46.572082,178.0,107
5202,16.337889,46.572183,178.0,110
5206,16.338105,46.572258,178.0,108
5209,16.338278,46.572267,178.0,105
5211,16.338386,46.572265,178.0,106
5215,16.338604,46.572247,178.0,109
5217,16.338724,46.572238,178.0,110
5218,16.338792,46.572236,178.0,110
5226,16.33932,46.572208,178.0,111
5233,16.339752,46.572187,178.0,112
5237,16.33999,46.572147,178.0,111
5239,16.340104,46.572122,178.0,110
5245,16.340499,46.572018,178.0,112
5251,16.340825,46.571929,178.0,110
5259,16.341243,46.571839,178.0,107
5260,16.341283,46.571817,178.0,106
5265,16.341565,46.571766,178.0,109
5266,16.341624,46.571757,178.0,109
5270,16.34184,46.571728,178.0,105
5273,16.342012,46.571731,178.0,105
5274,16.342071,46.571741,178.0,106
5277,16.342254,46.571782,178.0,109
5279,16.342352,46.571821,178.0,110
5284,16.34258,46.571939,178.0,110
5285,16.342615,46.571979,178.0,110
5288,16.342715,46.572082,178.0,111
5292,16.342863,46.572199,178.0,107
5294,16.342936,46.572246,178.0,104
5296,16.343011,46.572292,178.0,102
5300,16.343208,46.572388,178.0,105
5302,16.34332,46.572428,178.0,106
5306,16.343519,46.572487,178.0,102
5309,16.34365,46.572538,178.0,100
5311,16.343734,46.572582,178.0,100
